Customer_ID,Age,Gender,Annual_Income,Spending_Score,Membership_Years,Online_Purchases,Discount_Usage,Churn
1,56,Male,69812,88,3.2,92,0.43,1
2,69,Female,70500,26,4.3,30,0.23,1
3,46,Female,99151,17,8.2,199,0.52,0
4,32,Male,78643,71,0.6,153,0.25,0
5,60,Female,64900,13,6.7,127,0.94,0
6,25,Female,62946,69,6.9,193,0.91,0
7,38,Female,27851,26,8.1,115,0.57,0
8,56,Male,36288,49,9.4,6,0.35,0
9,36,Female,92692,67,0.7,18,0.38,1
10,40,Female,87580,7,2.0,10,0.41,0
11,28,Male,27368,58,8.9,92,0.73,0
12,28,Male,105436,49,4.9,139,0.45,0
13,41,Female,116136,53,5.9,193,0.86,1
14,53,Female,66403,65,6.8,77,0.94,0
15,57,Male,111170,62,7.0,101,0.34,0
16,41,Male,29168,17,9.4,84,0.56,1
17,20,Female,106497,43,10.0,193,0.1,0
18,39,Female,69879,25,7.3,52,0.2,0
19,19,Female,79871,3,3.2,195,0.41,1
20,41,Female,129632,79,8.9,31,0.21,0
21,61,Male,131623,29,1.0,145,0.88,1
22,47,Female,109388,32,2.7,183,0.16,0
23,55,Female,118646,26,9.0,110,0.46,0
24,19,Male,52174,16,2.9,93,0.61,1
25,38,Female,119751,25,2.6,164,0.69,0
26,50,Male,112491,54,1.8,154,0.38,1
27,29,Female,26581,28,8.7,53,0.87,1
28,39,Female,130155,73,5.3,145,0.57,1
29,61,Male,91853,56,6.9,86,0.44,1
30,42,Male,84046,65,2.8,153,0.07,0
31,66,Female,69678,93,7.7,2,0.46,1
32,44,Female,128392,86,7.7,86,0.82,0
33,59,Female,131250,80,3.5,133,0.61,0
34,45,Male,46649,41,4.4,4,0.83,1
35,33,Female,147795,51,2.5,164,0.49,0
36,32,Male,108668,71,9.8,6,0.12,0
37,64,Male,102325,78,6.6,149,0.01,0
38,68,Female,34567,29,9.4,118,0.3,0
39,61,Male,100404,83,3.4,89,0.7,1
40,69,Female,109906,19,7.9,154,0.79,0
41,20,Female,128069,66,7.8,183,0.3,0
42,54,Female,116019,41,7.1,167,0.5,1
43,68,Female,81944,45,9.7,161,0.42,0
44,24,Female,138428,15,4.2,14,0.41,0
45,38,Male,98002,3,1.7,56,0.23,0
46,26,Male,48803,11,6.9,81,0.14,0
47,56,Female,38230,53,7.4,149,0.2,0
48,35,Female,37862,46,6.0,46,0.06,1
49,21,Male,63355,30,2.5,144,0.2,0
50,42,Male,51259,57,5.3,16,0.01,1
51,31,Male,119075,18,3.5,120,0.63,1
52,67,Male,107445,51,4.6,84,0.32,0
53,26,Female,50795,48,6.6,157,0.97,0
54,43,Female,134604,66,7.6,8,0.19,0
55,19,Male,28770,96,2.7,88,0.35,0
56,37,Female,31093,8,4.4,131,0.36,1
57,45,Male,66571,22,3.1,19,0.01,0
58,64,Female,20193,6,2.4,97,0.84,0
59,24,Male,120311,76,7.9,66,0.03,0
60,61,Female,37569,57,9.1,79,0.94,0
61,25,Male,137082,36,4.0,86,0.89,0
62,64,Male,31190,79,7.6,124,0.54,0
63,52,Female,82824,92,9.0,150,0.54,0
64,31,Male,62752,57,8.5,46,0.65,0
65,34,Female,52327,49,2.2,113,0.39,0
66,53,Female,62070,45,9.6,91,0.65,1
67,67,Male,105925,82,4.1,141,0.04,0
68,57,Female,60197,66,3.7,33,0.05,0
69,21,Female,22261,77,1.1,133,0.46,0
70,19,Female,138424,45,5.1,77,0.55,0
71,23,Female,113905,79,1.5,155,0.89,1
72,59,Female,46512,20,2.9,121,0.1,0
73,21,Male,26716,64,3.5,128,0.82,0
74,46,Female,106795,93,8.2,78,0.21,1
75,35,Female,48933,93,8.8,152,0.39,1
76,43,Female,127225,67,3.4,67,0.32,0
77,61,Female,24378,83,8.7,115,0.4,0
78,51,Female,60583,3,8.6,63,0.15,1
79,27,Male,132082,54,7.8,113,0.5,0
80,53,Female,105371,78,1.9,94,0.8,1
81,31,Male,49033,64,7.1,48,0.44,1
82,48,Male,44000,40,9.5,191,0.49,1
83,65,Male,131032,59,7.0,12,0.85,0
84,32,Male,95868,55,3.7,156,0.71,1
85,25,Female,62604,62,5.3,172,0.49,0
86,31,Male,88336,4,6.6,171,0.26,1
87,40,Male,115074,60,5.4,145,0.88,0
88,57,Female,115655,75,1.6,40,0.58,0
89,38,Female,93869,95,3.5,177,0.22,0
90,33,Female,25410,96,8.1,85,0.27,0
91,62,Male,103375,91,8.7,57,0.8,0
92,35,Female,76044,30,1.8,87,0.04,1
93,64,Female,83315,2,9.5,84,0.99,0
94,41,Male,116055,62,3.6,192,0.13,1
95,43,Female,91344,49,6.8,185,0.8,0
96,42,Female,26796,9,7.6,121,0.39,0
97,62,Female,106716,92,8.2,74,0.49,0
98,58,Female,74245,31,9.5,107,0.88,0
99,46,Male,63056,98,3.5,124,0.41,1
100,32,Female,37709,61,8.7,198,0.54,0
101,62,Female,139664,79,1.8,100,0.05,0
102,18,Male,78557,48,7.2,43,0.0,0
103,42,Female,37543,25,7.5,119,0.24,1
104,24,Male,57418,36,6.9,23,0.68,0
105,26,Female,114611,8,2.9,155,0.12,0
106,41,Male,123291,73,8.8,186,0.11,0
107,18,Male,133504,58,2.1,37,0.41,0
108,61,Male,123001,45,1.0,134,0.65,0
109,25,Male,116038,62,7.3,65,0.71,1
110,41,Female,36724,39,5.0,134,0.18,0
111,28,Male,23828,96,8.6,178,0.08,0
112,68,Female,136656,58,4.1,22,0.94,0
113,34,Male,37087,81,2.1,105,0.26,0
114,25,Male,32605,99,8.4,88,0.85,0
115,52,Male,51337,83,5.7,153,0.86,1
116,52,Female,25482,64,2.3,125,0.77,1
117,50,Male,85333,44,7.3,79,0.17,1
118,22,Female,112541,29,5.4,90,0.82,1
119,59,Female,108296,59,6.2,51,0.77,0
120,56,Female,70952,71,4.9,176,0.6,0
121,58,Female,25463,92,8.4,102,0.34,0
122,45,Female,132164,9,8.4,198,0.26,0
123,24,Female,90448,92,7.2,106,0.12,0
124,26,Female,24648,6,1.5,193,0.51,0
125,25,Female,53623,29,8.5,60,0.59,0
126,29,Female,79156,58,6.9,46,0.36,1
127,51,Male,55634,17,7.1,36,0.48,1
128,50,Male,64602,16,3.9,186,0.36,1
129,65,Male,134598,87,8.9,166,0.64,0
130,40,Male,69334,95,7.4,11,0.9,0
131,41,Male,88648,3,1.6,12,0.16,0
132,54,Female,42054,21,4.4,170,0.38,0
133,52,Female,90028,64,8.9,39,0.14,0
134,61,Female,42207,90,0.9,199,0.62,0
135,57,Female,100650,36,9.6,139,0.73,0
136,39,Female,119821,86,7.0,36,0.93,0
137,44,Female,101554,62,6.5,52,0.28,0
138,52,Female,41386,42,3.1,31,0.95,0
139,18,Male,103276,76,2.9,33,0.06,0
140,52,Male,79518,42,9.4,141,0.6,0
141,54,Male,72781,61,3.3,146,0.06,0
142,64,Male,72780,13,7.9,169,0.89,0
143,31,Female,81440,11,4.2,58,0.53,0
144,20,Female,64199,54,1.8,184,0.67,1
145,18,Female,81035,16,0.6,152,0.83,1
146,22,Male,28210,8,5.7,128,0.15,0
147,43,Female,64363,59,9.8,31,0.04,0
148,31,Female,131175,57,4.0,55,0.88,0
149,56,Female,98279,40,3.9,10,0.31,0
150,44,Male,80348,59,3.8,188,0.13,0
151,26,Female,75284,2,5.4,130,0.47,0
152,32,Male,127628,94,4.7,15,0.6,0
153,32,Male,129835,94,8.9,3,0.03,0
154,43,Male,92124,76,5.3,43,0.27,1
155,59,Male,88847,10,5.3,159,0.03,0
156,30,Female,42432,44,1.8,198,0.42,1
157,68,Male,146252,11,9.8,67,0.9,0
158,49,Male,84089,79,2.9,56,0.98,0
159,56,Female,75398,80,1.2,63,0.64,1
160,66,Female,119291,81,6.8,15,0.16,1
161,69,Male,23321,90,6.2,109,0.91,0
162,49,Female,101348,2,4.4,116,0.52,0
163,21,Male,57383,50,4.5,92,0.15,0
164,47,Male,133816,12,8.0,138,0.92,0
165,54,Male,98682,90,2.4,166,0.76,1
166,40,Male,143053,23,8.3,47,0.73,1
167,56,Female,99190,18,6.7,57,0.71,0
168,62,Male,72893,62,4.5,50,0.2,0
169,32,Female,55820,96,4.9,71,0.21,0
170,60,Female,141262,62,2.9,143,0.69,0
171,46,Female,86262,38,7.6,146,0.22,1
172,53,Female,23760,67,5.4,82,0.44,1
173,30,Male,42190,38,3.5,116,0.78,0
174,49,Female,87411,67,6.2,105,0.78,0
175,24,Male,43377,94,10.0,88,0.45,0
176,68,Female,66737,61,4.6,2,0.79,0
177,39,Female,89569,1,9.2,104,0.84,1
178,45,Male,58211,94,3.8,84,0.65,0
179,19,Male,102909,45,1.0,43,0.23,0
180,59,Male,23744,96,2.4,154,0.27,0
181,62,Female,145566,28,4.5,71,0.31,1
182,23,Female,44995,21,2.6,166,0.12,0
183,45,Male,36977,13,0.5,94,0.27,1
184,45,Male,149508,27,9.2,42,0.21,1
185,61,Male,117938,7,8.5,133,0.46,1
186,61,Male,54542,22,7.6,139,0.91,0
187,37,Female,30651,74,2.1,65,0.1,0
188,47,Male,119239,53,1.6,34,0.72,0
189,28,Male,98931,79,1.1,120,0.69,0
190,45,Male,115344,79,7.4,1,0.1,0
191,42,Male,122112,4,9.3,130,0.92,0
192,56,Female,36715,96,4.6,148,0.57,0
193,50,Male,64409,23,1.6,61,0.36,1
194,18,Female,44306,70,5.4,149,0.76,0
195,44,Male,39086,88,3.8,88,0.26,0
196,69,Male,34376,84,4.1,68,0.69,1
197,30,Female,81350,84,6.4,127,0.04,1
198,58,Male,91425,76,7.3,140,0.84,1
199,20,Female,123358,33,1.6,22,0.45,1
200,56,Female,56636,28,0.8,148,0.64,1
201,23,Male,106120,8,9.9,82,0.22,0
202,25,Female,134889,1,2.7,129,0.68,0
203,44,Female,71649,37,1.0,30,0.77,0
204,26,Female,54610,63,2.3,126,0.47,0
205,54,Female,30058,22,0.9,97,0.62,0
206,50,Female,144876,70,4.2,24,0.46,0
207,68,Female,148265,21,8.1,14,0.89,0
208,59,Female,94637,96,3.7,36,0.5,0
209,61,Female,98033,35,4.7,197,0.84,0
210,41,Male,90194,79,6.9,24,0.8,1
211,32,Male,96917,5,5.3,188,0.41,0
212,49,Female,84200,60,8.7,95,0.23,1
213,49,Male,125848,46,8.7,55,0.41,0
214,41,Female,126022,50,0.6,24,0.83,1
215,58,Female,66619,48,7.9,152,0.23,1
216,69,Male,37154,6,4.9,182,0.52,0
217,66,Female,39539,89,9.9,26,0.81,0
218,66,Female,145381,56,5.1,194,0.35,0
219,69,Female,80058,59,9.9,80,0.64,1
220,29,Female,82068,29,7.7,166,0.25,1
221,56,Male,97313,71,2.9,65,0.11,1
222,19,Female,119932,77,5.6,75,0.79,0
223,20,Female,50373,18,9.9,179,0.1,0
224,66,Female,53154,2,8.6,163,0.27,1
225,54,Male,26031,8,1.4,43,0.86,0
226,66,Female,113533,75,7.2,29,0.35,0
227,34,Male,91975,97,3.8,165,0.97,0
228,66,Male,42785,54,0.6,81,0.98,1
229,19,Female,98928,38,4.3,186,0.27,0
230,19,Female,138696,48,2.7,54,0.04,0
231,45,Male,48669,27,8.3,39,0.71,0
232,40,Female,114475,20,3.7,42,0.45,1
233,54,Male,137154,12,8.4,156,0.1,0
234,49,Male,22282,43,0.5,29,0.71,0
235,50,Female,54624,61,3.4,171,0.03,0
236,18,Female,68438,31,2.8,131,0.87,1
237,36,Male,109900,91,2.7,138,0.14,1
238,19,Male,87534,96,1.1,187,0.13,1
239,61,Male,51705,61,2.3,142,0.18,0
240,43,Male,58244,74,5.8,175,0.96,1
241,49,Female,94964,67,3.3,42,0.69,0
242,23,Female,57437,91,4.5,94,0.8,0
243,49,Female,97872,35,4.1,160,0.4,0
244,21,Female,94878,95,8.8,32,0.34,0
245,28,Female,139006,15,9.1,170,0.23,1
246,34,Male,125368,16,5.2,160,0.48,0
247,55,Female,92982,13,3.6,26,0.55,0
248,41,Female,70583,35,1.5,115,0.63,0
249,22,Female,58392,75,9.6,129,0.26,0
250,69,Female,27461,59,1.1,56,0.95,0
251,51,Female,120123,21,3.3,122,0.17,0
252,23,Male,30516,54,3.3,106,0.97,0
253,39,Male,99285,75,3.5,130,0.01,0
254,28,Male,37514,30,2.1,81,0.48,0
255,65,Female,148657,48,7.9,158,0.33,1
256,33,Male,141251,35,1.7,120,0.45,0
257,50,Male,120962,86,6.5,199,0.57,1
258,26,Female,56268,38,1.7,52,0.44,1
259,23,Female,110486,31,1.2,91,0.41,1
260,33,Female,120424,78,9.1,137,0.73,0
261,46,Male,56788,24,2.3,22,0.69,0
262,20,Male,95749,49,8.3,34,0.83,1
263,37,Female,81049,96,5.7,110,0.25,0
264,53,Female,82493,32,1.2,49,0.61,0
265,36,Male,56027,55,9.6,129,0.59,0
266,43,Male,113547,79,2.8,73,0.37,0
267,20,Female,62849,58,8.7,84,0.49,1
268,36,Female,120127,99,2.1,53,0.31,0
269,37,Male,37858,3,8.6,100,0.14,0
270,49,Female,104162,80,0.6,124,0.21,0
271,24,Male,99003,69,5.4,168,0.11,0
272,69,Male,72395,85,7.8,45,0.68,0
273,58,Male,59758,10,9.4,196,0.66,0
274,50,Male,74312,83,9.1,137,0.95,1
275,57,Female,88670,25,8.3,105,0.73,0
276,56,Female,136758,68,8.9,150,0.05,1
277,35,Male,102279,61,2.4,146,0.88,0
278,57,Male,35434,29,3.2,106,0.86,0
279,18,Male,84047,19,3.2,43,0.44,0
280,28,Male,67775,43,4.1,167,0.59,0
281,45,Male,95769,66,4.2,134,0.98,1
282,42,Female,134682,74,5.7,48,0.53,1
283,67,Female,86677,61,2.0,126,0.91,0
284,40,Female,103555,43,7.1,7,0.08,0
285,48,Female,148379,25,2.1,197,0.19,1
286,47,Male,105920,20,3.4,16,0.44,0
287,59,Male,128439,48,5.3,129,0.58,0
288,52,Male,65734,83,8.1,115,0.82,1
289,24,Male,121665,87,7.5,37,0.99,0
290,33,Male,108503,24,6.6,165,0.39,1
291,43,Female,60603,11,2.0,125,0.05,0
292,65,Male,96708,98,5.7,81,0.8,1
293,69,Female,101926,55,1.3,192,0.6,0
294,66,Female,88803,28,4.1,62,0.2,0
295,19,Female,59332,69,4.4,72,0.49,0
296,18,Female,111703,63,0.9,189,0.74,0
297,65,Male,41312,59,3.1,125,0.77,0
298,29,Female,113376,5,9.6,161,0.5,0
299,22,Female,104526,51,9.6,66,0.31,0
300,54,Female,64179,21,3.8,30,0.97,1
301,49,Male,91442,12,0.9,20,0.66,0
302,26,Male,134332,50,2.2,188,0.41,0
303,58,Male,137961,4,4.2,82,0.28,0
304,52,Female,60379,42,9.5,107,0.73,0
305,36,Female,37297,84,1.8,152,0.24,0
306,65,Male,22011,38,7.8,132,0.17,0
307,33,Female,136130,25,1.5,37,0.53,1
308,20,Male,140234,14,9.8,132,0.29,0
309,37,Male,64014,75,4.1,77,0.63,0
310,41,Female,132094,32,7.9,89,0.12,1
311,50,Female,31738,11,3.8,146,0.65,1
312,41,Female,114333,61,6.5,88,0.28,0
313,69,Female,67498,18,2.3,194,0.0,1
314,28,Male,147792,27,1.9,176,0.13,0
315,66,Male,31120,55,9.4,33,0.93,1
316,25,Male,136517,54,9.2,58,0.87,0
317,53,Male,28767,82,8.9,28,0.23,0
318,55,Male,42852,87,6.4,35,0.78,1
319,57,Female,99239,75,8.2,125,0.61,0
320,37,Male,20929,21,1.2,138,0.97,0
321,52,Male,97487,44,3.7,65,0.37,0
322,65,Male,138387,5,3.5,42,0.68,0
323,42,Female,111575,87,6.5,85,0.06,0
324,52,Female,146155,41,3.9,137,0.4,0
325,42,Female,134149,59,1.9,188,0.96,0
326,46,Female,115040,89,6.2,111,0.54,0
327,35,Male,37438,54,8.2,15,0.29,0
328,63,Male,68515,74,4.1,185,0.12,0
329,35,Female,25744,22,1.8,69,0.7,0
330,19,Female,103820,83,2.4,105,0.64,1
331,52,Male,62417,65,2.8,150,0.37,0
332,33,Male,125284,64,3.3,64,0.95,0
333,58,Female,27069,71,6.6,41,0.02,1
334,53,Female,62359,4,6.2,71,0.3,1
335,50,Female,39799,65,7.1,56,0.92,0
336,21,Female,118746,15,3.9,151,0.32,1
337,50,Male,113762,76,8.3,25,0.25,0
338,31,Male,140906,22,2.4,105,0.53,1
339,38,Male,90188,86,5.0,134,0.82,0
340,65,Female,109859,47,8.1,119,0.1,0
341,37,Female,142521,81,2.2,162,0.94,0
342,25,Male,127674,93,1.5,191,0.8,1
343,24,Male,27597,46,8.9,9,0.18,0
344,20,Male,67093,14,3.8,60,0.71,0
345,34,Male,57226,50,7.0,125,0.38,0
346,50,Female,92127,20,0.7,49,0.4,1
347,65,Male,134650,50,7.1,51,0.78,1
348,29,Male,111369,33,3.5,188,0.96,0
349,68,Male,97362,59,1.0,70,0.13,0
350,39,Male,46417,43,6.3,37,0.42,0
351,39,Male,38693,79,2.8,31,0.48,0
352,63,Male,99674,12,4.2,169,0.38,1
353,47,Male,140956,40,1.3,62,0.36,0
354,55,Female,135598,20,1.9,93,0.05,0
355,55,Female,139028,94,3.3,186,0.69,0
356,62,Female,147517,38,1.4,14,0.44,0
357,68,Female,73161,3,9.2,164,0.19,0
358,25,Male,141316,28,0.6,164,0.82,0
359,44,Female,22169,56,5.1,79,0.8,0
360,44,Female,104092,90,1.7,8,0.49,0
361,51,Male,42052,94,3.4,154,0.3,0
362,38,Male,91849,13,9.3,36,0.64,0
363,47,Female,93851,77,2.0,48,0.29,0
364,50,Female,28036,66,9.7,85,0.24,1
365,45,Male,51778,37,2.5,28,0.73,0
366,64,Female,47734,49,7.5,196,0.04,0
367,50,Male,43173,66,5.7,190,0.09,1
368,22,Male,50403,36,8.9,51,0.01,0
369,65,Male,86321,54,5.8,104,0.15,0
370,36,Male,91675,26,5.6,170,0.07,0
371,21,Female,26344,75,2.4,101,1.0,0
372,52,Male,38800,72,2.1,29,0.29,0
373,66,Male,45372,40,9.2,127,0.15,0
374,34,Female,81516,43,3.6,82,0.24,1
375,61,Male,40538,22,4.0,10,0.94,1
376,45,Female,83918,20,7.7,106,0.52,0
377,47,Female,34973,8,3.7,167,0.36,0
378,46,Female,91155,29,9.5,1,0.87,0
379,63,Male,120240,40,7.5,39,0.39,0
380,23,Female,79500,90,6.2,21,0.34,0
381,52,Female,56575,30,8.9,65,0.21,1
382,58,Male,125455,81,1.0,15,0.38,0
383,54,Female,62261,84,2.9,132,0.32,1
384,41,Female,130659,55,4.9,188,0.68,1
385,46,Female,47716,16,2.7,61,0.29,1
386,66,Female,23236,46,7.6,148,0.58,0
387,63,Female,35848,62,9.2,138,0.07,0
388,48,Male,22352,7,4.5,87,0.19,0
389,52,Female,21932,80,3.8,105,0.41,0
390,50,Female,96449,45,9.6,34,0.94,0
391,69,Male,28556,59,4.7,124,0.38,0
392,38,Male,106836,56,5.1,110,0.66,0
393,49,Male,25498,48,3.8,176,0.26,0
394,40,Female,96118,27,9.1,33,0.13,1
395,50,Male,70098,53,5.9,98,0.06,0
396,20,Female,84386,87,7.7,61,0.31,0
397,35,Female,132169,88,8.2,10,0.16,0
398,42,Male,29569,73,3.7,182,0.17,1
399,59,Male,136127,35,4.6,84,0.76,0
400,48,Female,146060,51,8.6,65,0.02,0
401,20,Male,76882,84,4.0,77,0.56,0
402,57,Female,90393,37,8.0,1,0.38,1
403,63,Male,20340,81,9.4,133,0.51,1
404,41,Male,63949,95,6.4,80,0.56,0
405,67,Male,102302,57,7.5,15,0.31,0
406,49,Female,82443,8,8.1,28,0.3,0
407,64,Male,111668,79,8.5,23,0.73,0
408,39,Female,94027,95,4.3,109,0.87,0
409,40,Female,20138,94,1.0,107,0.19,1
410,19,Female,20358,20,4.3,145,0.1,1
411,44,Female,139619,53,6.9,113,0.9,0
412,59,Male,95250,12,4.8,98,0.35,0
413,19,Female,105376,49,7.6,141,0.55,0
414,43,Female,119931,17,3.9,142,0.36,1
415,34,Male,50654,64,6.5,139,0.13,1
416,57,Female,45879,42,2.3,28,0.59,0
417,50,Male,101532,94,7.6,42,0.53,0
418,26,Female,75778,29,5.7,99,0.2,0
419,60,Male,57772,19,2.4,61,0.45,0
420,65,Female,78478,11,3.3,123,0.8,1
421,56,Male,84353,98,7.6,64,0.59,0
422,46,Female,46762,50,5.1,31,0.1,1
423,59,Female,33283,71,2.6,81,0.55,0
424,43,Male,83922,58,9.7,10,0.7,1
425,52,Male,59420,34,7.3,8,0.79,0
426,67,Male,75568,20,9.6,149,0.63,1
427,42,Male,105090,50,4.6,59,0.15,0
428,41,Female,40219,88,5.0,178,0.71,0
429,30,Female,77169,10,9.0,197,0.68,0
430,24,Male,120455,32,5.5,198,0.02,0
431,53,Female,94965,52,7.2,30,0.41,0
432,62,Male,66840,15,2.9,145,0.33,0
433,37,Male,64695,84,4.7,20,0.67,1
434,18,Female,125209,3,1.7,48,0.22,0
435,25,Female,104754,37,2.5,130,0.59,1
436,63,Female,97988,40,0.5,37,0.91,1
437,33,Female,78342,72,0.9,129,0.8,0
438,31,Female,134516,40,9.8,132,0.92,0
439,29,Female,38951,56,2.8,100,0.98,0
440,68,Female,21307,23,6.8,54,0.01,0
441,40,Male,100388,11,8.5,122,0.62,0
442,32,Male,110768,64,5.7,25,0.41,1
443,45,Male,55428,8,2.0,131,0.86,0
444,51,Male,128707,93,7.4,9,0.25,0
445,19,Male,112021,94,6.2,34,0.98,0
446,49,Female,138418,56,7.4,43,0.61,1
447,40,Male,95774,60,7.8,74,0.79,0
448,39,Male,58975,10,9.8,94,0.09,0
449,68,Male,137850,39,5.9,22,0.18,0
450,42,Male,21140,28,3.7,70,0.76,0
451,39,Male,148865,49,6.7,130,0.02,1
452,39,Male,44842,36,1.2,94,0.82,1
453,66,Male,46421,13,9.0,194,0.01,0
454,69,Female,21708,96,1.6,32,0.66,0
455,59,Female,23630,36,3.6,106,0.37,0
456,23,Male,39595,26,8.2,144,0.61,0
457,32,Female,96021,86,6.2,1,0.7,0
458,60,Female,48308,4,4.2,72,0.34,0
459,54,Female,64789,95,5.0,176,0.11,0
460,50,Female,75690,82,8.6,50,0.07,1
461,25,Male,46086,64,3.7,141,0.59,0
462,61,Female,36859,38,8.8,15,0.52,1
463,61,Female,27684,88,1.3,53,0.74,0
464,22,Female,111088,87,7.9,172,0.51,0
465,56,Male,21207,22,8.6,8,0.42,1
466,21,Male,66099,2,2.2,74,0.4,0
467,23,Male,87496,31,4.6,46,0.03,0
468,62,Male,86093,11,2.1,69,0.34,0
469,49,Male,49689,92,7.2,114,0.98,0
470,69,Male,68651,46,5.6,147,0.87,1
471,47,Male,33893,96,6.5,166,0.33,1
472,64,Female,117808,62,2.4,123,0.59,0
473,52,Female,86418,69,2.5,139,0.85,0
474,57,Female,145074,64,0.9,117,0.44,0
475,69,Male,123065,10,3.6,43,0.02,0
476,33,Male,80011,40,5.8,20,0.07,0
477,30,Male,58635,24,8.7,148,0.51,0
478,67,Male,76115,99,6.8,21,0.97,0
479,59,Male,115071,44,4.6,82,0.69,0
480,47,Female,98405,60,9.6,57,0.07,0
481,36,Female,92702,62,7.3,178,0.19,0
482,34,Male,98518,87,9.3,74,0.77,0
483,36,Male,126233,17,5.5,98,0.84,1
484,45,Male,123651,65,3.0,154,0.62,1
485,43,Male,92805,95,1.0,158,0.64,0
486,54,Female,78954,95,7.4,110,0.03,0
487,43,Male,48064,57,1.7,115,0.83,1
488,40,Male,142813,55,3.4,159,0.79,1
489,26,Male,99063,53,5.6,42,0.26,1
490,29,Male,22454,56,5.9,68,0.71,0
491,18,Female,40878,98,6.2,189,0.21,1
492,18,Male,71098,9,2.1,189,0.04,0
493,64,Male,82154,22,4.1,70,0.2,1
494,51,Female,32991,13,6.4,78,0.18,1
495,49,Female,88344,89,9.7,196,0.34,0
496,65,Female,124946,48,7.4,90,0.42,1
497,42,Male,56593,18,9.3,111,0.51,0
498,57,Male,56304,76,7.7,112,0.48,1
499,62,Female,50386,40,6.1,103,0.27,0
500,18,Female,75220,17,2.3,145,0.03,1
501,33,Female,133613,15,6.8,19,0.61,0
502,56,Female,89338,15,6.4,179,0.4,1
503,22,Female,114289,79,6.2,70,0.3,0
504,39,Female,41083,63,5.2,63,0.87,0
505,46,Male,38354,39,5.5,75,0.75,0
506,20,Male,42190,13,3.7,158,0.86,1
507,29,Male,26142,81,5.4,153,0.49,0
508,43,Female,48398,32,2.4,104,0.13,0
509,33,Female,71971,9,8.1,75,0.7,0
510,68,Female,61862,40,2.3,128,0.21,1
511,54,Female,118668,20,1.3,199,0.44,0
512,39,Female,73410,90,4.6,154,0.07,0
513,46,Female,39503,91,6.8,56,0.83,0
514,31,Male,145438,85,4.7,22,0.13,0
515,45,Male,68456,82,3.1,89,0.9,0
516,22,Female,120167,77,5.8,19,0.86,0
517,64,Male,102035,80,3.8,159,0.46,1
518,66,Female,125388,73,9.4,26,0.74,1
519,47,Male,28016,63,9.3,170,0.62,0
520,63,Female,22384,76,5.3,169,0.8,0
521,69,Female,82320,44,3.6,23,0.43,0
522,22,Male,35072,38,7.5,47,0.79,0
523,29,Male,122239,83,0.8,13,0.46,1
524,33,Female,131431,60,5.0,66,0.94,0
525,43,Female,100018,71,3.7,194,0.49,0
526,43,Male,60510,99,9.2,144,0.46,0
527,65,Male,68933,48,0.6,73,0.79,1
528,38,Female,41826,18,5.8,156,0.82,0
529,56,Male,88026,16,7.5,77,0.55,0
530,53,Female,141668,55,5.1,163,0.18,0
531,50,Female,131628,39,1.3,169,0.47,1
532,47,Female,45518,68,9.7,31,0.97,1
533,54,Female,44045,59,5.4,85,0.75,0
534,40,Male,70876,89,6.3,160,0.81,0
535,27,Male,112446,96,2.7,182,0.03,1
536,22,Male,110102,62,5.1,59,0.47,0
537,53,Male,71919,13,4.6,41,0.65,0
538,51,Male,119441,81,1.2,112,0.83,0
539,69,Male,47103,6,1.5,194,0.05,0
540,48,Male,138805,83,8.5,96,0.85,0
541,27,Female,56188,77,2.8,182,0.55,1
542,36,Male,25845,60,2.4,168,0.2,0
543,49,Male,106698,90,5.3,122,0.32,0
544,18,Female,56674,14,7.8,156,0.28,1
545,22,Male,138325,95,1.1,165,0.53,0
546,62,Male,39337,54,6.0,105,0.05,0
547,21,Female,42313,4,1.6,193,0.16,0
548,33,Male,46943,39,0.8,74,0.81,1
549,41,Male,97949,72,1.0,183,0.13,1
550,33,Male,20276,25,8.4,132,0.23,1
551,19,Female,71151,77,1.6,99,0.45,1
552,66,Male,37611,32,0.9,126,0.52,0
553,45,Male,124641,59,4.7,138,0.76,0
554,49,Female,31944,63,8.5,175,0.45,1
555,44,Male,72887,38,3.0,75,0.79,0
556,37,Female,101442,92,4.5,14,0.62,0
557,41,Female,69847,53,0.9,38,0.11,0
558,29,Male,78653,94,4.8,140,0.16,0
559,67,Female,106072,67,6.0,45,0.44,1
560,52,Female,142589,28,5.9,145,0.4,0
561,50,Male,76622,3,3.7,163,0.74,0
562,50,Female,47810,98,3.5,194,0.58,1
563,68,Female,97842,80,1.5,75,0.39,0
564,60,Male,142225,22,4.0,169,0.17,0
565,54,Male,30503,96,1.4,195,0.23,0
566,29,Male,104761,38,7.8,29,0.58,1
567,20,Female,56976,72,9.7,18,0.42,1
568,18,Male,146439,72,9.7,20,0.51,1
569,50,Female,31590,62,8.7,14,0.17,1
570,57,Female,143421,57,6.2,162,0.66,0
571,27,Female,30886,6,7.2,177,0.85,1
572,60,Female,32866,78,3.2,54,0.26,1
573,61,Female,86624,32,6.5,31,0.49,0
574,46,Female,88899,99,4.8,58,0.98,0
575,30,Female,52792,10,5.1,104,0.33,1
576,29,Male,29764,3,7.7,170,0.6,1
577,48,Male,140832,59,3.2,186,0.09,1
578,63,Female,145838,76,3.5,128,0.61,1
579,19,Female,140356,49,9.3,158,0.09,0
580,68,Male,106156,59,1.0,25,0.96,0
581,67,Female,62727,31,5.1,191,0.72,0
582,52,Male,98471,93,9.2,19,0.79,0
583,40,Male,28068,69,6.3,136,0.7,1
584,34,Male,136923,62,5.7,3,0.59,0
585,43,Female,27295,52,2.9,195,0.45,0
586,25,Female,61160,89,3.8,86,0.86,0
587,46,Male,31390,41,8.6,145,0.96,0
588,43,Male,126752,31,5.8,142,0.5,0
589,27,Male,40131,85,5.4,9,0.93,0
590,43,Male,114754,84,1.4,190,0.58,0
591,51,Male,95969,22,0.7,94,0.54,0
592,68,Female,35038,4,9.7,149,0.45,1
593,58,Male,72327,13,4.1,165,0.21,0
594,24,Female,113718,45,6.2,139,0.0,0
595,21,Male,97064,42,1.3,20,0.24,0
596,67,Female,41281,49,7.0,35,0.51,0
597,62,Female,74189,20,9.4,53,0.38,0
598,28,Female,68511,77,6.0,175,0.45,1
599,46,Female,142115,81,1.7,110,0.98,1
600,53,Female,28605,54,6.0,180,0.35,0
601,42,Female,120318,36,7.8,136,0.45,0
602,38,Male,21381,97,4.4,4,0.13,1
603,53,Female,86634,1,8.9,155,0.05,1
604,27,Male,39810,15,6.7,172,0.78,0
605,54,Female,138343,77,9.0,168,0.57,0
606,26,Female,44322,17,6.4,102,0.76,0
607,41,Male,61869,24,1.7,47,0.15,0
608,52,Female,52955,58,3.4,94,0.57,0
609,66,Male,81388,72,2.4,172,0.25,0
610,52,Male,130252,91,9.1,48,0.23,0
611,65,Male,30207,23,7.7,91,0.01,0
612,53,Male,107329,46,6.9,180,0.13,1
613,35,Female,87628,72,3.4,84,0.31,1
614,66,Female,48220,8,2.2,68,0.12,0
615,56,Male,104050,59,7.7,139,0.99,1
616,49,Female,123546,90,5.0,125,0.31,0
617,41,Female,94085,59,2.6,73,0.13,1
618,40,Male,42031,13,6.4,4,0.2,0
619,49,Female,90721,39,0.9,76,0.59,0
620,54,Male,100807,28,3.6,73,0.06,0
621,29,Male,91312,89,5.0,77,0.86,0
622,66,Female,79766,61,1.9,48,0.96,1
623,30,Female,32449,16,9.9,154,0.25,0
624,40,Female,109833,2,2.5,102,0.45,0
625,42,Male,76699,82,1.7,106,0.02,0
626,52,Male,126127,17,2.4,77,0.64,0
627,58,Female,101253,30,7.8,39,0.41,0
628,47,Female,125659,13,4.5,58,0.27,0
629,34,Female,124769,96,5.9,19,0.21,1
630,66,Female,131041,93,0.7,88,0.65,1
631,37,Male,136185,94,0.8,113,0.42,1
632,65,Female,66092,82,4.7,77,0.18,0
633,42,Male,83671,13,8.3,77,0.69,1
634,39,Male,30350,43,8.9,186,0.57,0
635,30,Female,116158,85,1.3,28,0.86,0
636,36,Female,120859,94,5.6,66,0.12,0
637,66,Female,140097,21,9.2,10,0.79,1
638,53,Male,145222,55,4.2,126,0.67,1
639,29,Female,88487,81,8.4,58,0.12,1
640,58,Female,37622,40,1.8,142,0.69,1
641,36,Male,143853,83,9.4,125,0.44,1
642,29,Female,90263,15,7.6,112,0.94,1
643,26,Male,73117,73,9.4,84,0.14,0
644,24,Female,123990,52,6.9,143,0.64,0
645,45,Male,78394,74,4.0,96,0.38,0
646,31,Female,122005,95,9.4,33,0.96,0
647,48,Female,121084,53,3.1,145,0.33,0
648,69,Male,43782,87,3.7,152,0.96,0
649,36,Male,136276,52,7.2,158,0.9,0
650,64,Female,48454,30,7.8,190,0.27,1
651,33,Male,87904,33,9.3,141,0.8,1
652,22,Male,149936,57,2.4,190,1.0,0
653,52,Male,35592,52,8.1,47,0.25,0
654,29,Male,42173,9,7.5,112,0.44,0
655,42,Female,53204,54,1.1,144,0.52,0
656,69,Female,55596,1,4.2,194,0.29,1
657,38,Male,54324,44,3.2,43,0.02,0
658,53,Male,142258,99,3.4,8,0.22,0
659,40,Male,131668,75,9.8,3,0.28,1
660,33,Male,81202,98,6.6,125,0.44,1
661,56,Female,109400,80,7.3,12,0.17,0
662,62,Female,144184,9,9.8,84,0.87,1
663,59,Male,133365,32,4.1,16,0.7,0
664,56,Male,50750,15,8.1,78,0.09,0
665,31,Male,96112,12,4.6,59,0.65,0
666,48,Female,36566,97,8.8,177,0.65,0
667,22,Male,27190,78,2.2,63,0.96,0
668,52,Female,108607,57,9.5,190,0.0,0
669,40,Male,58333,8,2.6,49,0.25,0
670,46,Female,141929,72,3.6,51,0.93,1
671,60,Male,100905,27,7.7,33,0.93,0
672,28,Female,109571,62,4.2,30,0.72,0
673,35,Male,140263,12,6.3,187,0.77,1
674,64,Male,21589,65,4.7,76,0.09,0
675,29,Male,144467,42,7.6,15,0.51,1
676,26,Female,45235,62,2.7,82,0.23,0
677,27,Male,20159,11,1.1,92,0.18,0
678,61,Female,32145,43,3.3,23,0.81,0
679,34,Female,100909,95,5.0,94,0.14,0
680,55,Male,51921,17,2.1,45,0.47,0
681,24,Male,124859,97,3.9,62,0.94,0
682,63,Male,36237,32,4.3,199,0.19,0
683,30,Female,127507,93,1.0,15,0.98,0
684,57,Male,28244,85,6.0,46,0.99,0
685,59,Female,34743,85,8.9,64,0.56,0
686,26,Female,117102,40,1.9,174,0.17,0
687,67,Male,66101,23,6.2,184,0.32,0
688,44,Male,131645,56,6.8,172,0.42,0
689,19,Male,141534,6,4.5,75,0.31,0
690,22,Male,104227,86,7.2,157,0.28,1
691,46,Male,119532,50,4.4,190,0.97,0
692,54,Male,76378,37,5.3,52,0.15,1
693,55,Female,91126,64,0.6,182,0.73,0
694,36,Female,76071,54,7.1,88,0.0,0
695,25,Female,91121,72,6.8,57,0.6,0
696,65,Male,94763,49,0.9,83,0.92,1
697,62,Female,113814,99,4.0,66,0.29,0
698,18,Female,124350,11,9.8,150,0.19,0
699,39,Female,32237,88,4.5,20,0.65,0
700,69,Female,35649,49,5.3,33,0.71,0
701,34,Female,57713,21,9.1,72,0.69,0
702,24,Male,93463,66,7.3,25,0.32,0
703,42,Male,65409,63,6.0,46,0.25,0
704,62,Female,68766,83,8.1,73,0.96,0
705,21,Female,66154,28,8.7,98,0.92,0
706,53,Female,27016,17,4.8,57,0.46,1
707,23,Male,99563,6,5.0,87,0.85,1
708,48,Male,68688,19,4.2,133,0.45,0
709,36,Female,109678,56,9.7,55,0.42,0
710,61,Male,132056,28,7.1,61,0.16,1
711,56,Male,74238,66,1.3,89,0.43,0
712,44,Female,78608,38,8.7,8,0.54,0
713,27,Male,109081,37,5.1,16,0.02,1
714,43,Male,136572,68,1.2,176,0.44,0
715,36,Female,51897,86,5.7,116,0.78,0
716,56,Male,70961,90,4.5,61,0.68,1
717,20,Male,88703,49,8.8,15,0.64,0
718,62,Female,64757,43,2.4,193,0.91,1
719,30,Male,46917,36,8.4,150,0.02,1
720,67,Male,42736,58,5.8,131,0.56,1
721,45,Female,47990,13,1.0,102,0.79,0
722,37,Female,82551,52,9.7,54,0.54,0
723,45,Female,78161,58,5.4,14,0.32,0
724,25,Male,99623,32,3.3,36,0.14,0
725,58,Female,42440,81,5.0,105,0.89,0
726,56,Male,55205,60,8.6,82,0.47,0
727,18,Female,141156,83,3.4,67,0.88,0
728,20,Male,100811,58,2.3,10,0.59,0
729,30,Female,143768,99,1.7,49,0.67,0
730,45,Female,75103,56,3.3,111,0.8,1
731,66,Female,90812,28,7.9,65,0.66,1
732,42,Female,61627,1,5.0,57,0.4,1
733,50,Male,126122,42,2.7,27,0.51,0
734,55,Female,123032,82,2.1,113,0.8,1
735,23,Female,39008,48,3.7,133,0.37,1
736,61,Male,91274,40,9.4,71,0.39,0
737,62,Female,52402,97,3.8,83,0.1,0
738,49,Male,73384,63,9.9,57,0.91,0
739,62,Female,148922,76,5.1,120,0.09,0
740,64,Female,25793,72,2.2,93,0.65,0
741,38,Female,122827,88,9.0,15,0.41,0
742,33,Male,25571,80,4.9,111,0.41,1
743,38,Female,116867,4,7.2,101,0.68,0
744,28,Female,36209,38,9.8,119,0.07,0
745,54,Female,133550,27,1.0,76,0.59,1
746,53,Male,110930,9,1.4,158,0.77,0
747,52,Male,63148,16,7.3,20,0.83,1
748,36,Female,111218,56,3.2,165,0.17,0
749,37,Male,22224,76,2.3,131,0.9,1
750,35,Female,126693,31,0.9,73,0.66,0
751,64,Female,145551,88,0.7,122,0.88,0
752,58,Female,68695,14,7.9,41,0.49,0
753,66,Female,140779,25,1.8,167,0.54,1
754,31,Female,149714,34,4.9,154,0.92,1
755,32,Female,129988,67,6.3,130,0.9,0
756,48,Female,128944,24,4.6,23,0.45,1
757,18,Male,52441,73,0.8,23,0.27,0
758,20,Male,126966,26,7.9,144,0.39,0
759,33,Male,59129,20,0.6,9,0.39,1
760,40,Male,120252,64,7.7,13,0.29,0
761,28,Male,82368,10,9.0,156,0.27,0
762,29,Male,130395,83,4.6,155,0.86,1
763,27,Male,112122,67,5.6,51,0.07,1
764,49,Female,64760,24,5.0,64,0.68,1
765,33,Female,149655,5,4.2,52,0.17,1
766,25,Female,43478,67,8.9,38,0.34,0
767,55,Female,147881,58,9.0,100,0.06,1
768,29,Male,91854,27,3.7,193,0.27,0
769,41,Male,114230,80,6.3,146,0.77,1
770,45,Female,105716,15,9.3,191,0.89,0
771,25,Female,32180,35,9.6,51,0.22,0
772,45,Male,118538,76,5.3,137,0.46,0
773,53,Female,35372,53,4.8,141,0.47,0
774,43,Female,49796,44,3.1,168,0.87,0
775,25,Female,78272,26,9.6,55,0.76,1
776,67,Female,138295,47,1.9,109,0.51,1
777,45,Male,109963,34,6.0,171,0.67,0
778,45,Female,118826,87,3.2,44,0.85,1
779,54,Female,140592,95,3.2,110,0.01,0
780,58,Male,113635,50,4.3,196,0.4,0
781,53,Male,131022,84,10.0,161,0.91,0
782,44,Female,74040,12,1.0,152,0.74,1
783,34,Male,95357,87,6.0,164,0.54,1
784,26,Female,91368,4,1.3,128,0.53,0
785,50,Female,98356,87,2.0,105,0.35,0
786,37,Male,36211,48,4.7,10,0.52,0
787,30,Female,125426,55,5.3,100,0.66,0
788,45,Female,25842,1,3.0,148,0.42,0
789,65,Female,83115,89,3.5,109,0.71,0
790,46,Female,86852,66,1.3,108,0.86,0
791,30,Male,145737,30,3.4,140,0.15,1
792,63,Male,65968,3,9.7,190,0.45,0
793,52,Female,37508,21,9.5,146,0.41,0
794,23,Male,42005,89,3.7,94,0.69,0
795,35,Female,74575,84,5.9,63,0.25,1
796,68,Female,100742,49,9.1,84,0.64,1
797,22,Female,38971,86,0.6,25,0.88,1
798,64,Female,45599,85,8.2,12,0.42,0
799,42,Female,107592,62,9.5,149,0.91,1
800,19,Male,86914,97,1.4,25,0.99,0
801,27,Female,138062,38,2.0,11,0.11,0
802,47,Male,87055,15,9.6,64,0.23,0
803,67,Male,107697,52,5.6,126,0.95,0
804,62,Female,126239,79,0.6,50,0.96,1
805,22,Female,124397,46,2.9,190,0.1,1
806,50,Female,143106,25,4.8,89,0.01,0
807,18,Female,25355,21,7.1,99,0.16,0
808,35,Female,74120,88,7.5,116,1.0,0
809,49,Male,94619,5,10.0,96,0.18,0
810,64,Female,58342,70,3.2,177,0.5,0
811,66,Female,105992,47,5.6,14,0.85,1
812,28,Male,98860,87,5.6,1,0.02,1
813,38,Male,22257,68,4.4,25,0.6,0
814,43,Female,47364,91,2.1,187,0.28,1
815,42,Male,44972,18,9.8,72,0.86,0
816,39,Female,131715,21,8.6,69,0.28,0
817,44,Male,46654,92,5.2,133,0.69,0
818,66,Male,100769,99,6.2,105,0.67,0
819,30,Female,101423,86,2.7,147,0.22,1
820,50,Male,49320,23,5.7,23,0.03,0
821,51,Male,40808,64,7.1,9,0.41,0
822,58,Male,72389,67,5.4,118,0.29,0
823,52,Male,115690,40,9.9,94,0.81,1
824,18,Male,138581,10,6.3,178,0.8,0
825,38,Male,147927,89,4.0,144,0.46,1
826,65,Female,54773,52,7.8,33,0.61,1
827,23,Female,71168,72,2.1,130,0.6,0
828,45,Male,47747,75,4.2,14,0.83,0
829,34,Female,96396,61,3.8,1,0.43,1
830,22,Female,128374,64,4.6,90,0.28,0
831,48,Female,127692,5,7.9,186,0.27,1
832,22,Male,103692,53,5.1,89,0.54,0
833,55,Female,77505,55,8.0,144,0.45,0
834,20,Male,105896,37,6.0,90,0.44,1
835,40,Female,38135,56,3.7,175,0.09,1
836,54,Male,110887,59,8.2,172,0.72,1
837,54,Male,142118,93,2.8,14,0.21,0
838,27,Female,116035,69,2.6,152,0.2,1
839,27,Female,67377,73,5.3,111,0.41,1
840,36,Male,43554,59,3.0,183,0.23,1
841,34,Female,82491,2,0.6,143,0.58,0
842,38,Female,75621,65,6.7,83,0.37,0
843,31,Female,134667,60,5.4,72,0.45,1
844,26,Male,78283,51,4.7,162,0.54,0
845,63,Male,105140,30,9.7,130,0.2,0
846,18,Female,36923,11,5.9,27,0.16,0
847,68,Female,67591,92,8.7,74,0.88,0
848,62,Female,82261,76,1.8,99,0.43,0
849,30,Male,136149,39,5.9,72,0.41,0
850,21,Male,74336,90,8.7,23,0.04,1
851,18,Female,94083,77,6.0,68,0.5,0
852,66,Female,80948,72,7.3,142,0.55,0
853,57,Female,129819,63,4.0,191,0.56,0
854,49,Female,53002,64,1.4,117,0.71,0
855,51,Female,100098,61,4.9,106,0.18,0
856,45,Female,136236,54,4.2,93,0.25,1
857,48,Male,93016,92,8.7,65,0.81,0
858,25,Female,46672,94,2.8,68,0.95,1
859,56,Male,24213,73,9.7,128,0.14,0
860,43,Female,30293,95,9.6,63,0.5,0
861,51,Female,119977,58,2.9,113,0.21,0
862,20,Male,75860,85,3.8,90,0.06,0
863,67,Male,82507,56,9.0,81,0.33,1
864,29,Male,77134,34,9.7,103,0.14,1
865,18,Male,22100,31,4.7,192,0.71,0
866,61,Female,130153,52,3.5,160,0.53,0
867,22,Male,81997,89,5.5,116,0.14,0
868,47,Female,48172,76,7.0,13,0.01,0
869,47,Male,40132,1,3.1,194,0.81,1
870,34,Female,137861,55,7.5,124,0.18,0
871,65,Female,38199,22,1.0,147,0.61,1
872,64,Female,56609,40,1.0,152,0.34,0
873,40,Female,62965,1,4.2,88,0.59,0
874,32,Female,28016,65,3.9,11,0.32,0
875,54,Female,59779,63,3.5,187,0.09,0
876,38,Male,122797,54,5.2,15,0.22,1
877,31,Female,51881,42,3.5,10,0.19,0
878,19,Male,102594,21,2.3,41,0.43,1
879,28,Male,44472,79,3.4,155,0.66,0
880,68,Female,126882,81,9.8,188,0.26,1
881,56,Male,120462,22,4.4,73,0.01,0
882,55,Female,71813,38,4.7,52,0.52,1
883,51,Male,120368,99,6.0,128,0.61,1
884,55,Female,146731,80,9.8,28,0.96,1
885,67,Male,56021,8,2.8,65,0.59,0
886,51,Female,74131,62,7.0,17,0.47,1
887,35,Female,44087,47,7.3,95,0.57,0
888,47,Female,32828,17,6.3,172,0.93,0
889,32,Female,81610,17,1.3,138,0.83,0
890,44,Male,116664,90,6.9,63,0.32,0
891,68,Female,143619,13,1.1,175,0.24,1
892,51,Male,21401,17,6.2,38,0.26,0
893,69,Male,105179,38,7.5,70,0.5,0
894,55,Male,35193,81,2.5,104,0.74,0
895,50,Female,112389,78,8.5,53,0.5,0
896,41,Male,64864,45,0.8,172,0.07,0
897,32,Male,40307,6,8.5,119,0.72,0
898,47,Male,122518,35,4.9,74,0.81,0
899,59,Female,39611,14,2.6,54,0.29,0
900,68,Female,63791,72,1.8,20,0.66,1
901,34,Male,31950,61,9.6,79,0.43,1
902,22,Female,96240,15,1.2,31,0.89,1
903,46,Female,128647,54,2.4,135,0.85,0
904,21,Male,97403,27,3.8,58,0.53,0
905,27,Male,22745,13,6.4,105,0.69,0
906,34,Female,75243,31,5.7,10,0.88,0
907,27,Male,23866,35,1.7,10,0.5,0
908,34,Female,52245,60,3.3,39,0.31,0
909,37,Female,64724,6,2.8,156,0.75,0
910,41,Female,148681,69,2.5,158,0.22,0
911,22,Female,91354,86,4.4,37,0.39,1
912,51,Female,71374,58,7.2,119,0.87,0
913,23,Female,134397,49,2.6,67,0.72,0
914,19,Male,137480,23,4.0,43,0.4,0
915,30,Male,144577,89,4.2,52,0.21,0
916,60,Female,50116,34,9.8,101,0.36,0
917,60,Female,101029,26,9.6,56,0.28,0
918,65,Female,113574,47,8.1,76,0.18,0
919,28,Male,40447,5,2.8,68,0.74,1
920,68,Female,50431,90,1.1,137,0.25,1
921,64,Male,37908,20,3.5,106,0.45,0
922,40,Female,49336,6,3.0,125,0.39,0
923,33,Female,60992,70,5.3,92,0.98,0
924,48,Male,75350,59,7.9,23,0.39,1
925,28,Male,89561,64,8.7,191,0.08,0
926,33,Female,137254,18,8.5,109,0.09,0
927,25,Female,71955,4,3.9,61,0.59,0
928,21,Female,81240,17,7.0,168,0.6,0
929,57,Male,40093,14,3.5,44,0.42,1
930,21,Male,26155,78,1.1,152,0.43,0
931,42,Male,66607,13,7.2,179,0.05,0
932,20,Male,53487,7,0.6,186,0.52,0
933,49,Male,133194,44,4.4,161,0.5,0
934,20,Male,75668,15,3.6,16,0.15,1
935,44,Female,40963,19,7.1,22,0.1,1
936,46,Female,70124,63,7.8,57,0.12,0
937,49,Male,72870,35,3.4,62,0.1,0
938,67,Female,76547,81,8.2,107,0.61,0
939,68,Female,84110,35,3.3,71,0.2,0
940,36,Male,73554,19,4.7,90,0.25,0
941,38,Female,40936,20,7.4,72,0.17,0
942,22,Male,136895,35,7.1,70,0.96,0
943,35,Male,24426,32,9.9,30,0.85,0
944,45,Female,108839,48,2.6,103,0.23,0
945,59,Male,130816,44,6.8,151,0.33,1
946,39,Male,47606,24,6.3,32,0.21,0
947,38,Male,67832,61,9.2,86,0.49,1
948,23,Male,48151,17,2.0,57,0.02,0
949,18,Male,99303,71,7.6,109,0.67,0
950,22,Male,31308,50,5.9,9,0.52,1
951,58,Male,129781,65,3.1,31,0.9,0
952,29,Male,82522,99,5.0,71,0.16,1
953,43,Female,143523,32,3.7,137,0.8,0
954,63,Female,65671,36,6.0,13,0.79,0
955,51,Female,110306,13,8.9,186,0.13,0
956,66,Male,114108,70,5.9,131,0.4,0
957,31,Male,126984,58,6.5,35,0.17,0
958,43,Female,22204,14,5.4,21,0.25,0
959,62,Female,112769,37,1.0,64,0.26,0
960,44,Female,107265,79,2.7,95,0.56,0
961,26,Male,51131,68,5.2,180,0.41,0
962,43,Female,72428,40,3.4,34,0.95,0
963,64,Female,53870,59,2.2,121,0.13,0
964,39,Male,123547,80,5.3,163,0.97,0
965,64,Female,124918,92,3.6,15,0.23,1
966,47,Male,69067,16,3.0,120,0.77,1
967,60,Male,78585,62,4.9,96,0.34,0
968,65,Male,127011,4,1.8,6,0.14,1
969,34,Female,132217,45,9.3,109,0.86,0
970,43,Female,41607,90,8.7,97,0.31,1
971,53,Male,44968,28,7.2,32,0.66,1
972,18,Female,118934,96,1.5,180,0.57,1
973,25,Female,31908,66,7.9,83,0.47,0
974,66,Female,46423,31,8.2,156,0.5,0
975,52,Female,129151,3,7.8,118,0.73,0
976,69,Male,94707,8,1.6,192,0.09,1
977,32,Female,98257,24,6.6,79,0.67,0
978,64,Male,146282,15,8.4,78,0.9,1
979,39,Male,81215,43,6.0,147,0.06,0
980,31,Female,75835,31,6.6,107,0.14,1
981,43,Male,69429,73,4.9,126,0.72,0
982,45,Female,102152,45,5.5,15,0.44,0
983,40,Female,128048,66,0.8,134,0.4,0
984,31,Male,58458,8,6.6,73,0.14,0
985,41,Male,66169,71,1.3,101,0.51,0
986,19,Male,27659,57,4.6,98,0.13,1
987,62,Male,80614,80,3.3,166,0.48,0
988,43,Female,128905,99,5.7,26,0.76,0
989,31,Female,97240,30,1.8,92,0.26,1
990,68,Female,52793,74,7.1,125,0.48,0
991,24,Male,133688,18,8.1,179,0.99,1
992,20,Male,66473,69,2.1,73,0.69,1
993,64,Male,116762,93,1.5,123,0.84,0
994,40,Female,109388,39,1.9,53,0.41,0
995,63,Male,117618,60,8.8,184,0.77,0
996,60,Female,108330,98,5.5,187,0.04,1
997,64,Male,126956,43,4.9,198,0.12,0
998,62,Female,138452,45,1.5,78,0.2,0
999,35,Female,75751,23,6.7,92,0.4,1
1000,55,Male,146311,69,8.7,186,0.85,0
1001,52,Male,98915,94,8.4,88,0.35,1
1002,68,Female,74254,6,6.4,13,0.65,1
1003,32,Female,27006,56,1.2,43,0.71,0
1004,42,Male,138171,4,1.6,76,0.59,1
1005,54,Male,136682,93,1.0,51,0.36,1
1006,45,Female,94218,23,2.9,19,0.58,0
1007,27,Male,85344,6,1.8,149,0.34,0
1008,56,Female,53840,32,3.0,122,0.08,0
1009,34,Female,52430,18,4.2,24,0.99,0
1010,56,Male,43091,15,9.5,26,0.13,1
1011,39,Male,146053,40,6.3,173,0.07,0
1012,43,Male,52983,96,8.4,156,0.88,0
1013,61,Male,43989,73,7.2,120,0.3,0
1014,42,Male,95451,74,1.6,82,0.65,0
1015,34,Female,128088,84,7.5,100,0.33,1
1016,30,Female,38990,6,3.1,157,0.39,1
1017,37,Male,110270,63,6.6,17,0.26,0
1018,42,Male,100360,67,3.7,68,0.34,0
1019,21,Male,139469,11,10.0,44,0.41,0
1020,27,Female,56081,43,3.0,61,0.72,0
1021,20,Male,31033,17,3.2,123,0.51,0
1022,58,Male,128272,96,9.3,93,0.94,0
1023,62,Female,36241,4,0.7,196,0.04,1
1024,35,Female,144932,63,7.1,74,0.5,0
1025,64,Male,142451,68,7.4,153,0.58,1
1026,53,Male,25939,81,8.4,67,0.92,0
1027,64,Male,133000,41,9.8,111,0.05,0
1028,39,Female,67562,83,9.8,2,0.57,1
1029,51,Male,55063,5,1.1,89,0.85,0
1030,64,Male,140373,32,8.3,177,0.24,1
1031,25,Male,120000,86,6.6,198,0.88,0
1032,57,Female,96721,70,6.6,26,0.02,0
1033,66,Female,47045,35,1.7,99,0.73,1
1034,61,Male,136634,22,6.7,27,0.93,0
1035,36,Male,64769,65,9.8,89,0.66,1
1036,59,Female,67118,84,9.2,146,0.44,1
1037,58,Female,104703,22,4.7,182,0.04,0
1038,54,Female,121948,11,0.9,1,0.92,0
1039,23,Female,41625,77,3.9,189,0.47,0
1040,69,Female,124724,3,8.4,103,0.03,0
1041,43,Female,148557,9,7.2,131,0.69,1
1042,51,Female,47076,60,4.9,196,0.48,0
1043,62,Female,142245,76,1.0,41,0.12,0
1044,23,Female,84805,87,4.6,165,0.21,1
1045,54,Male,64605,14,5.0,51,0.06,0
1046,50,Male,104565,97,9.3,15,0.57,1
1047,39,Male,108509,18,6.6,8,0.62,0
1048,38,Female,59121,73,3.5,38,0.51,1
1049,23,Male,85101,23,5.5,114,0.82,0
1050,23,Female,51433,74,1.1,83,0.86,0
1051,65,Female,63309,83,9.7,56,0.62,0
1052,21,Male,87468,47,3.9,175,0.01,0
1053,47,Female,64254,69,5.0,103,0.7,1
1054,28,Male,87293,47,3.9,138,0.42,0
1055,47,Male,116258,87,7.0,102,0.57,1
1056,48,Male,57853,30,6.8,78,0.65,0
1057,41,Female,58405,25,7.3,177,0.35,0
1058,26,Male,86652,28,3.0,169,0.92,0
1059,20,Female,63527,98,3.5,83,0.13,0
1060,68,Male,97227,25,1.7,30,0.67,0
1061,48,Male,20492,74,6.7,5,0.0,0
1062,57,Male,113418,78,0.9,119,0.92,1
1063,54,Female,28811,58,6.2,199,0.11,0
1064,53,Female,113344,94,8.8,31,0.09,0
1065,41,Female,44272,41,9.0,180,0.33,0
1066,48,Male,113935,25,4.8,23,0.37,0
1067,23,Male,92010,78,4.9,48,0.21,1
1068,19,Female,112492,99,1.2,109,0.59,0
1069,37,Female,67153,48,6.9,40,0.44,0
1070,45,Female,128042,98,8.3,6,0.03,0
1071,28,Female,74110,10,2.8,38,0.32,0
1072,21,Female,33979,99,4.5,169,0.81,0
1073,32,Female,130059,75,8.5,100,0.69,0
1074,23,Male,128101,11,8.8,27,0.72,0
1075,66,Female,48328,85,2.8,69,0.7,0
1076,47,Male,132911,21,5.7,57,0.31,1
1077,55,Male,32867,86,2.3,17,0.1,0
1078,68,Female,79234,45,1.5,71,0.27,1
1079,19,Female,45851,7,9.2,47,0.83,0
1080,32,Male,51279,81,8.3,79,0.98,1
1081,28,Female,137431,64,7.7,110,0.49,0
1082,25,Female,116063,64,1.0,13,0.01,0
1083,43,Male,93402,2,8.5,139,0.14,0
1084,68,Male,35449,76,4.7,124,0.32,0
1085,62,Male,96221,42,3.8,109,0.58,0
1086,61,Female,109080,82,5.7,90,0.08,0
1087,22,Male,25451,54,1.4,86,0.94,0
1088,23,Female,107178,75,7.7,92,0.37,0
1089,43,Male,61316,16,6.0,24,0.91,0
1090,21,Male,83064,18,2.3,73,0.78,1
1091,36,Male,83761,99,2.3,4,0.76,0
1092,37,Female,125490,59,2.3,113,0.61,0
1093,50,Female,58870,90,1.0,46,0.63,0
1094,37,Male,116566,16,6.1,18,0.64,0
1095,66,Male,143749,6,8.5,43,0.63,0
1096,29,Male,143765,57,0.7,161,0.55,1
1097,64,Female,144881,47,1.0,93,0.99,0
1098,18,Male,50873,48,5.9,103,0.73,0
1099,43,Female,148389,42,8.3,124,0.78,0
1100,31,Male,78627,76,3.6,10,0.87,0
1101,55,Male,86155,60,3.8,73,0.22,1
1102,54,Male,119186,77,6.2,187,0.08,1
1103,28,Male,45372,4,3.1,31,0.48,0
1104,53,Male,23642,2,0.8,156,0.51,0
1105,30,Male,149148,90,7.5,60,0.83,0
1106,60,Female,48001,59,6.4,131,0.44,0
1107,20,Male,54064,27,6.0,118,0.57,0
1108,50,Female,114826,27,7.5,183,0.53,1
1109,23,Male,34122,79,6.9,14,0.04,0
1110,67,Male,44820,72,2.5,186,0.62,0
1111,27,Female,88431,7,3.8,143,0.83,0
1112,22,Male,75745,63,1.7,2,0.16,1
1113,40,Female,70081,46,1.7,24,0.59,0
1114,27,Female,90902,63,6.9,64,0.59,1
1115,61,Male,28711,12,8.7,199,0.16,0
1116,19,Female,105132,13,9.6,100,0.12,0
1117,30,Female,38793,43,6.5,114,0.98,1
1118,57,Male,28199,17,2.2,24,0.39,1
1119,19,Female,96253,63,1.5,155,0.23,0
1120,37,Male,56191,81,8.2,165,0.17,0
1121,18,Male,30211,36,6.0,91,0.67,1
1122,54,Male,131086,85,6.4,167,0.61,0
1123,26,Male,83069,8,7.9,191,0.64,0
1124,34,Female,108896,69,7.2,26,0.09,1
1125,26,Male,76746,90,8.4,65,0.89,0
1126,28,Male,41542,80,1.0,120,0.39,0
1127,32,Female,51312,36,7.6,4,0.31,0
1128,41,Male,65242,28,8.6,157,0.46,0
1129,55,Male,121971,93,3.2,1,0.39,0
1130,52,Female,113783,47,6.6,50,0.86,0
1131,47,Female,145681,76,3.5,110,0.93,0
1132,48,Female,107893,30,9.6,139,0.3,0
1133,66,Female,75388,23,0.8,74,0.86,0
1134,22,Female,126581,16,6.0,187,0.78,0
1135,61,Female,47691,14,2.1,62,0.93,1
1136,67,Female,97960,74,7.3,81,0.25,0
1137,31,Male,104388,71,2.2,164,0.58,1
1138,28,Female,42601,52,2.7,56,0.27,0
1139,26,Female,138307,37,5.2,111,0.82,1
1140,51,Female,38020,29,9.2,21,0.01,0
1141,29,Male,28155,67,2.5,141,0.56,0
1142,52,Male,89119,15,1.9,9,0.34,1
1143,52,Female,101051,47,7.7,139,0.32,1
1144,18,Female,56777,46,5.3,70,0.64,0
1145,57,Female,39710,52,9.2,129,0.85,1
1146,39,Male,128714,19,1.9,118,0.61,0
1147,46,Male,44532,77,6.6,198,0.85,1
1148,25,Female,148727,21,2.7,56,0.26,0
1149,28,Male,38601,64,2.0,31,0.52,0
1150,58,Female,83227,37,7.0,37,0.45,0
1151,54,Male,24967,27,6.1,175,0.01,0
1152,31,Male,104289,55,7.7,91,0.56,1
1153,47,Female,40022,29,3.4,114,0.66,0
1154,52,Female,63463,20,4.8,128,0.59,0
1155,38,Female,94671,25,4.4,175,0.74,0
1156,54,Female,25722,70,9.8,122,0.57,0
1157,22,Male,47413,63,3.3,69,0.07,0
1158,36,Male,112772,36,3.3,186,0.12,0
1159,31,Male,101050,2,3.9,36,0.6,1
1160,43,Female,129432,22,5.9,32,0.27,0
1161,21,Male,122748,96,2.9,64,0.08,0
1162,42,Female,125922,16,9.2,199,0.43,1
1163,62,Male,105867,18,3.0,170,0.55,0
1164,59,Female,103596,69,9.0,48,0.33,1
1165,42,Female,86732,54,1.5,81,0.72,1
1166,35,Male,32297,30,6.7,158,0.64,0
1167,57,Female,88323,45,9.1,149,0.33,0
1168,25,Female,43816,19,2.1,60,0.75,0
1169,56,Male,144341,87,9.7,141,0.65,0
1170,57,Female,60695,34,4.8,1,0.64,1
1171,31,Female,39702,13,9.5,65,0.55,0
1172,49,Female,45242,43,6.9,33,0.01,0
1173,68,Male,75841,62,3.4,38,0.7,0
1174,55,Male,148498,93,2.3,25,0.38,0
1175,50,Female,87712,22,3.4,154,0.94,0
1176,40,Male,105663,52,1.4,59,0.82,1
1177,32,Female,127096,52,1.9,161,0.59,0
1178,50,Female,112764,36,1.5,101,0.25,0
1179,42,Female,73574,73,4.5,127,0.2,0
1180,34,Female,105744,19,8.1,41,0.34,1
1181,50,Female,48482,38,1.8,158,0.48,0
1182,64,Male,29171,70,1.7,57,0.3,1
1183,19,Female,120755,79,6.6,177,0.51,0
1184,31,Male,118932,57,2.4,48,0.17,1
1185,57,Male,128125,20,1.4,72,0.98,0
1186,57,Female,126082,9,2.1,177,0.11,0
1187,68,Female,23696,32,9.3,175,0.93,0
1188,56,Male,146310,4,8.3,56,0.91,0
1189,68,Male,40058,50,3.9,65,0.53,0
1190,23,Male,40313,82,6.7,12,0.72,0
1191,23,Female,39149,5,5.6,69,0.44,0
1192,20,Male,73521,20,6.9,134,0.63,0
1193,24,Female,65740,87,7.0,89,0.34,1
1194,68,Female,126611,75,6.5,193,0.3,0
1195,25,Female,24956,37,3.0,25,0.58,1
1196,59,Male,95731,22,0.9,1,0.5,0
1197,69,Female,102612,58,4.8,160,0.58,0
1198,32,Female,137850,68,9.0,131,0.29,0
1199,64,Female,86641,93,5.9,49,0.37,0
1200,46,Female,83811,44,8.4,147,0.08,1
1201,50,Female,72160,34,9.9,60,0.05,0
1202,69,Male,71313,77,2.1,157,0.25,1
1203,47,Female,83232,42,7.1,178,0.07,1
1204,56,Female,35417,9,6.9,2,0.1,0
1205,44,Male,44729,95,9.8,73,0.81,1
1206,53,Female,132492,7,9.9,184,0.04,0
1207,46,Male,50099,68,7.0,145,0.66,1
1208,55,Female,138387,19,2.8,188,0.27,1
1209,50,Male,118134,94,8.1,110,0.87,0
1210,54,Male,49961,31,1.5,164,0.48,1
1211,44,Female,32602,35,7.9,61,0.31,0
1212,50,Female,138474,57,9.1,17,0.52,0
1213,21,Female,29256,85,4.1,49,0.38,0
1214,39,Male,106120,61,6.5,76,0.56,0
1215,19,Male,132516,31,4.6,188,0.11,0
1216,27,Male,54681,83,4.7,148,1.0,1
1217,22,Female,111328,95,3.4,178,0.43,0
1218,27,Male,107440,53,7.7,131,0.35,0
1219,50,Male,84789,32,9.4,43,0.71,0
1220,55,Female,63361,66,9.4,57,0.36,0
1221,30,Male,84503,59,2.2,50,0.83,1
1222,48,Male,54540,10,8.8,196,0.45,1
1223,64,Female,46536,2,7.5,178,0.72,1
1224,53,Male,104700,66,2.9,37,0.11,0
1225,62,Female,83043,60,1.1,46,0.85,0
1226,41,Female,98532,88,3.0,170,0.74,1
1227,69,Female,76575,17,9.2,15,0.21,1
1228,32,Female,147626,96,6.5,161,0.15,0
1229,46,Female,22871,16,7.4,80,0.32,0
1230,25,Male,66002,16,2.9,139,0.98,1
1231,22,Male,69812,46,7.3,148,0.26,1
1232,46,Female,42626,39,0.8,24,0.46,0
1233,64,Female,79979,31,4.1,125,0.03,1
1234,21,Male,96057,88,6.5,192,0.4,0
1235,29,Female,146834,1,1.9,118,0.57,0
1236,62,Female,128946,11,8.3,80,0.95,0
1237,19,Female,86668,85,2.7,94,0.52,0
1238,44,Male,119003,4,6.7,65,0.82,0
1239,48,Male,100070,71,4.3,88,0.55,0
1240,68,Female,109390,26,6.2,88,0.04,0
1241,68,Female,62998,50,1.5,145,0.32,1
1242,53,Male,83814,12,0.7,126,0.58,1
1243,53,Male,124601,95,9.1,89,0.95,0
1244,43,Female,65607,81,3.1,61,0.86,0
1245,60,Female,27812,97,8.3,15,0.23,1
1246,44,Male,81844,75,10.0,94,0.22,0
1247,22,Male,90093,92,2.5,51,0.2,1
1248,37,Male,22179,96,3.0,27,0.92,1
1249,28,Female,63798,65,6.8,74,0.85,0
1250,27,Male,94601,47,9.7,61,0.77,1
1251,57,Female,28275,92,9.2,186,0.39,1
1252,55,Male,70574,53,5.3,31,0.5,0
1253,23,Male,67857,71,8.1,12,0.46,0
1254,25,Male,145555,2,1.8,46,0.25,0
1255,40,Male,121484,24,9.8,159,0.51,0
1256,64,Female,40700,4,9.7,32,0.03,0
1257,43,Female,146855,19,2.1,160,0.13,0
1258,63,Male,59464,26,3.3,181,0.89,0
1259,60,Female,62351,75,1.5,61,0.75,1
1260,29,Male,113330,40,3.1,46,0.42,0
1261,43,Male,114319,50,8.3,85,0.52,0
1262,30,Male,102534,43,4.1,80,0.37,0
1263,57,Male,33869,75,1.3,135,0.74,0
1264,35,Female,80315,67,3.8,4,0.78,0
1265,42,Male,130061,12,9.8,52,0.76,0
1266,50,Male,113688,67,6.5,159,0.72,0
1267,64,Female,40954,27,4.5,112,0.2,1
1268,57,Male,51555,54,2.1,36,0.34,1
1269,60,Male,83353,66,9.9,182,0.47,0
1270,29,Male,102190,49,8.3,54,0.33,0
1271,61,Female,65026,16,3.2,119,0.75,0
1272,53,Male,120772,2,1.2,127,0.33,1
1273,65,Female,66976,60,1.0,17,0.14,0
1274,21,Male,100578,54,1.6,75,0.4,1
1275,22,Male,111502,30,6.0,158,0.98,0
1276,54,Female,133943,84,9.3,105,0.23,0
1277,25,Male,129850,38,5.2,150,0.61,0
1278,59,Male,65095,28,8.5,117,0.43,1
1279,66,Female,34270,25,4.7,43,0.07,1
1280,45,Female,50908,96,7.2,112,0.49,0
1281,48,Female,35523,10,7.5,115,0.7,0
1282,26,Female,82433,60,2.2,27,0.51,0
1283,68,Female,67068,42,3.9,37,0.87,0
1284,46,Male,39991,40,6.6,46,0.29,1
1285,31,Female,30775,97,1.2,113,0.09,1
1286,57,Male,97801,77,3.9,35,0.94,1
1287,58,Male,104995,42,5.6,132,0.38,1
1288,39,Male,81250,47,10.0,80,0.58,0
1289,28,Female,36673,37,5.0,80,0.79,1
1290,40,Female,142808,80,8.3,154,0.32,1
1291,18,Male,47056,22,4.6,121,0.72,0
1292,63,Female,26614,57,8.1,147,0.14,1
1293,54,Female,121556,84,6.2,122,0.29,0
1294,38,Female,27415,27,8.9,81,0.14,1
1295,43,Female,108691,41,4.4,173,0.81,0
1296,63,Male,134966,80,6.2,154,0.22,0
1297,53,Male,63884,34,6.5,150,0.72,0
1298,40,Female,36964,32,4.5,119,0.94,0
1299,18,Male,57726,90,1.9,58,0.53,0
1300,68,Female,143133,89,1.4,63,0.54,0
1301,57,Female,57044,66,0.7,156,0.46,0
1302,32,Male,77149,12,8.8,193,0.33,0
1303,38,Male,57544,40,2.7,172,0.48,1
1304,64,Male,69976,73,2.5,100,0.6,1
1305,26,Female,52252,76,7.5,171,0.99,0
1306,26,Male,23832,90,3.5,165,0.94,1
1307,27,Female,110811,73,5.3,66,0.86,0
1308,69,Male,100437,10,2.0,145,0.89,1
1309,43,Male,123749,96,9.6,168,0.47,0
1310,58,Female,54148,98,8.6,166,0.66,0
1311,52,Female,81240,48,8.7,85,0.9,0
1312,69,Female,128169,20,4.4,189,0.39,0
1313,42,Female,145607,39,7.7,137,0.96,1
1314,43,Female,108454,60,1.9,189,0.42,1
1315,28,Female,132230,66,0.6,144,0.6,0
1316,55,Female,148933,65,0.7,123,0.71,0
1317,19,Female,105076,51,6.1,2,0.95,1
1318,24,Male,97116,36,4.8,106,0.24,1
1319,35,Female,73459,24,5.4,108,0.75,0
1320,44,Female,58402,27,0.6,72,0.52,0
1321,51,Male,77727,2,4.5,171,0.27,0
1322,44,Female,58578,31,7.3,126,0.78,0
1323,34,Male,110453,57,4.7,170,0.55,0
1324,60,Male,42318,78,7.5,57,0.66,0
1325,61,Female,95715,66,2.7,81,0.32,1
1326,68,Male,97787,29,8.2,195,0.48,0
1327,41,Female,131435,15,6.1,158,0.62,1
1328,42,Male,105029,12,2.5,141,0.4,1
1329,24,Male,40466,28,2.7,19,0.2,1
1330,69,Male,115742,84,6.5,7,0.96,0
1331,23,Female,65475,24,8.4,137,0.51,1
1332,41,Female,80142,21,4.4,54,0.73,0
1333,50,Male,105160,10,3.0,104,0.41,0
1334,66,Male,46564,78,8.7,86,0.36,0
1335,46,Female,42412,18,6.9,82,0.41,0
1336,60,Female,113526,88,4.8,61,0.41,1
1337,39,Male,71001,14,5.1,87,0.54,1
1338,43,Male,77649,34,2.4,2,0.54,0
1339,45,Female,80957,58,6.5,178,0.5,0
1340,67,Female,55517,76,3.9,31,0.13,0
1341,38,Female,33156,22,10.0,33,0.5,0
1342,66,Female,43064,70,5.1,80,0.17,1
1343,24,Female,45711,36,5.1,11,0.13,0
1344,34,Male,50106,45,5.9,161,0.93,1
1345,37,Female,85458,36,9.2,128,0.6,0
1346,58,Male,36589,22,8.1,135,0.66,0
1347,66,Female,109272,78,4.8,128,0.4,0
1348,37,Male,106511,80,7.3,31,0.91,0
1349,39,Female,121754,61,6.1,176,0.64,0
1350,45,Female,27214,56,5.2,126,0.77,1
1351,57,Male,116117,89,2.3,47,0.37,1
1352,66,Male,105731,96,4.9,181,0.96,0
1353,24,Female,130118,33,2.8,107,0.82,0
1354,18,Female,146479,45,9.2,19,0.85,0
1355,49,Female,47127,36,3.7,81,0.17,0
1356,30,Female,25141,20,9.5,123,0.27,0
1357,47,Female,48884,18,5.6,134,0.29,0
1358,40,Male,110421,38,6.5,107,0.27,1
1359,68,Male,22708,67,5.7,49,0.86,1
1360,36,Female,38375,23,1.7,73,0.03,1
1361,49,Male,35088,96,4.1,50,0.08,0
1362,47,Male,77615,16,1.4,81,0.27,1
1363,46,Male,130138,59,6.4,95,0.2,0
1364,66,Female,65046,69,4.7,12,0.23,0
1365,62,Male,30014,68,7.9,23,0.8,1
1366,46,Female,84425,21,2.6,54,0.56,0
1367,47,Male,23273,78,2.1,118,0.01,0
1368,33,Female,67135,95,4.4,197,0.43,1
1369,57,Male,122842,78,9.3,59,0.41,1
1370,36,Female,50881,70,7.2,164,0.11,1
1371,35,Female,117022,12,4.5,3,0.68,0
1372,18,Male,98077,16,5.4,58,0.7,0
1373,31,Female,28712,81,1.3,183,0.72,1
1374,68,Female,94704,87,9.9,57,0.73,0
1375,64,Female,72874,14,6.8,145,0.0,0
1376,67,Female,89087,61,3.2,167,0.95,0
1377,19,Female,32297,71,6.1,90,0.81,0
1378,45,Female,129269,46,1.5,196,0.9,0
1379,66,Female,47128,32,9.7,55,0.02,0
1380,67,Female,88368,15,2.2,45,0.93,0
1381,47,Male,114019,44,6.7,1,0.81,0
1382,55,Male,107599,17,2.8,21,0.84,0
1383,68,Female,108499,41,7.3,21,0.09,0
1384,21,Female,98958,54,7.9,52,0.74,1
1385,18,Male,52920,44,6.9,82,0.96,0
1386,25,Male,140442,98,6.3,171,0.68,0
1387,46,Male,31156,5,9.0,180,0.57,1
1388,56,Female,31108,27,1.2,67,0.95,0
1389,20,Male,51845,87,3.6,113,0.44,0
1390,49,Female,22800,78,2.9,44,0.6,0
1391,27,Female,148832,79,9.9,160,0.48,1
1392,27,Male,123614,43,4.2,10,0.93,1
1393,36,Female,62712,97,7.5,64,0.08,1
1394,63,Female,22610,31,7.0,69,0.5,1
1395,51,Female,97603,99,2.5,68,0.69,0
1396,50,Female,53872,17,2.8,28,0.79,0
1397,40,Male,30728,92,3.2,181,0.58,0
1398,45,Male,115102,83,4.4,116,0.91,0
1399,49,Female,115319,54,2.7,51,0.94,1
1400,67,Female,142049,62,0.7,181,0.06,0
1401,24,Male,40583,87,8.9,4,0.4,0
1402,46,Female,105774,32,9.7,79,0.02,1
1403,25,Male,27263,40,3.7,17,0.33,0
1404,18,Female,146374,13,3.7,108,0.54,0
1405,20,Female,87450,84,0.6,195,0.91,0
1406,41,Male,109285,35,7.0,74,0.85,0
1407,40,Male,39456,5,8.3,175,0.13,0
1408,25,Male,111118,73,1.9,184,0.09,0
1409,64,Male,85942,29,2.0,23,0.59,0
1410,54,Female,33689,70,8.0,18,0.53,1
1411,20,Male,52934,25,6.4,129,0.27,1
1412,68,Female,53276,95,0.9,35,0.9,0
1413,50,Male,136349,22,6.4,64,0.93,0
1414,45,Male,149336,66,3.4,186,0.4,1
1415,64,Female,121968,45,4.0,59,0.89,1
1416,25,Male,39873,69,7.8,1,0.38,0
1417,51,Male,33050,91,8.2,131,0.74,0
1418,52,Male,86216,89,4.3,67,0.48,1
1419,49,Male,104444,72,9.5,37,0.12,0
1420,41,Female,104040,1,4.4,29,0.93,0
1421,31,Female,41644,84,7.8,89,0.45,0
1422,49,Male,82021,44,5.1,161,0.73,0
1423,63,Male,57125,87,9.0,100,0.37,0
1424,60,Male,86899,96,9.1,189,0.02,0
1425,33,Female,62291,75,1.3,122,0.1,1
1426,21,Female,55060,39,9.4,90,0.5,0
1427,69,Female,21538,54,8.3,132,0.69,0
1428,54,Female,56176,88,8.0,14,0.33,0
1429,38,Male,142430,75,2.4,161,0.7,1
1430,31,Male,61520,29,8.1,150,0.7,0
1431,48,Male,45675,54,8.6,176,0.7,0
1432,65,Female,38287,90,3.2,131,0.49,0
1433,35,Male,20174,16,9.5,85,0.91,1
1434,24,Female,112268,99,1.0,151,0.49,0
1435,27,Female,54998,20,1.9,196,0.45,0
1436,24,Male,122591,46,5.6,21,0.2,0
1437,50,Male,73312,67,6.0,171,0.31,1
1438,40,Male,32112,65,6.6,26,0.04,0
1439,38,Female,125410,58,0.7,41,0.63,1
1440,36,Female,95225,53,9.6,122,0.25,1
1441,65,Male,64814,1,0.9,38,0.3,1
1442,36,Male,105091,81,1.9,88,0.77,0
1443,53,Female,70719,66,0.6,11,0.33,1
1444,46,Male,149887,29,5.9,29,0.24,0
1445,35,Female,53919,84,9.4,60,0.17,0
1446,19,Female,93155,70,6.8,195,0.77,1
1447,18,Male,91569,8,8.3,193,0.13,0
1448,64,Male,61328,29,0.6,61,0.45,0
1449,22,Male,90482,51,5.6,147,0.51,0
1450,37,Male,44618,33,4.9,174,0.69,0
1451,28,Female,54675,3,5.2,177,0.63,0
1452,59,Female,121794,60,1.2,22,0.81,1
1453,19,Female,38919,35,7.0,78,0.04,1
1454,20,Male,24173,69,5.3,113,0.3,0
1455,40,Female,129369,91,7.8,185,0.28,0
1456,29,Male,46400,76,5.1,123,0.15,1
1457,37,Male,70445,84,1.9,142,0.29,0
1458,22,Male,90305,20,6.7,44,0.31,0
1459,54,Male,57564,73,2.1,144,0.52,0
1460,55,Male,65814,39,8.8,97,0.66,0
1461,47,Male,99747,4,6.3,77,0.38,0
1462,26,Female,108791,19,2.0,140,0.72,0
1463,51,Male,47962,91,9.6,55,0.34,0
1464,61,Female,104892,45,5.4,51,0.29,0
1465,52,Female,105842,43,1.2,102,0.54,0
1466,69,Male,90533,13,6.5,167,0.02,1
1467,39,Male,76184,13,2.9,161,0.08,1
1468,61,Male,102912,60,8.1,161,0.42,0
1469,41,Female,126416,57,8.3,29,0.94,0
1470,34,Male,123591,86,9.8,69,0.72,1
1471,27,Female,30578,92,5.3,198,0.09,0
1472,47,Male,38624,52,4.8,159,0.85,1
1473,63,Male,136164,53,7.7,80,0.73,0
1474,40,Female,59194,86,1.8,31,0.61,1
1475,49,Female,129903,43,5.7,112,0.82,0
1476,34,Male,20389,83,5.7,46,0.4,0
1477,67,Female,119303,72,1.3,97,0.22,1
1478,68,Female,131116,72,4.5,52,0.51,0
1479,34,Female,133903,42,8.6,138,0.55,0
1480,31,Female,87391,90,8.6,74,0.54,0
1481,26,Female,126429,26,1.4,41,0.57,1
1482,57,Male,33794,23,1.4,77,0.95,0
1483,19,Male,78002,43,3.0,131,0.9,0
1484,62,Female,55531,77,8.8,187,0.88,0
1485,42,Male,72815,28,1.7,114,0.8,0
1486,56,Male,24986,9,7.3,52,0.94,0
1487,26,Female,52298,20,1.5,162,0.1,0
1488,39,Male,21481,56,6.4,177,0.27,0
1489,60,Female,76408,83,3.9,156,0.5,0
1490,63,Female,89267,39,8.0,87,0.85,0
1491,21,Male,141950,51,2.7,109,0.51,0
1492,43,Female,36835,12,6.6,141,0.75,0
1493,46,Female,145355,79,2.7,69,0.14,0
1494,62,Female,47798,95,7.3,120,0.25,1
1495,51,Female,111649,55,8.8,67,0.73,0
1496,40,Female,84887,78,1.7,61,0.16,1
1497,54,Male,39477,11,8.7,188,0.35,0
1498,28,Male,37266,26,6.1,71,0.26,0
1499,23,Female,106328,42,1.7,152,0.35,0
1500,35,Female,105988,27,4.6,191,0.71,0
1501,38,Male,147815,11,2.0,189,0.37,1
1502,59,Female,63526,38,7.2,151,0.56,1
1503,53,Male,137965,98,7.7,30,0.1,1
1504,58,Female,134615,43,1.5,188,0.81,0
1505,55,Female,126870,19,5.3,146,0.37,0
1506,51,Female,147426,64,8.2,96,0.65,0
1507,34,Female,31889,6,9.4,56,0.73,1
1508,54,Female,44335,46,5.4,53,0.21,0
1509,42,Female,31254,42,9.5,7,0.88,0
1510,55,Female,106610,92,5.6,97,0.62,0
1511,29,Male,31442,65,4.2,197,0.43,0
1512,40,Male,66289,99,8.6,113,0.18,1
1513,59,Male,73747,72,5.2,125,0.94,0
1514,39,Female,57327,59,5.0,180,0.76,0
1515,38,Female,36199,52,5.2,132,0.21,0
1516,44,Female,92827,47,8.5,162,0.34,1
1517,48,Female,126464,7,8.4,197,0.81,0
1518,23,Female,20112,11,4.3,161,0.7,1
1519,44,Female,107051,61,3.7,121,0.77,0
1520,57,Female,39581,68,5.2,197,0.44,1
1521,51,Male,134228,25,5.9,38,0.72,1
1522,29,Female,79722,12,2.8,122,0.39,0
1523,62,Male,112036,26,8.0,26,0.21,0
1524,24,Male,117562,12,5.1,129,0.63,0
1525,27,Female,36523,43,3.7,4,0.98,0
1526,62,Female,86960,51,1.5,39,0.31,1
1527,34,Male,137637,37,2.8,54,0.46,0
1528,43,Male,39552,46,9.5,161,0.67,0
1529,38,Female,143396,53,3.4,33,0.54,0
1530,45,Female,30808,88,2.1,20,0.84,0
1531,63,Male,124347,80,4.9,16,0.76,1
1532,19,Female,92525,13,3.4,149,0.06,0
1533,60,Female,43620,89,0.8,173,1.0,1
1534,18,Female,124565,54,3.6,127,0.75,1
1535,68,Male,20887,57,5.7,87,0.86,0
1536,53,Male,51802,4,5.7,82,0.65,0
1537,68,Male,105024,75,3.9,62,0.86,1
1538,43,Female,115549,96,4.7,31,0.11,0
1539,46,Female,134737,49,9.7,42,0.35,0
1540,38,Male,138639,7,4.1,12,0.88,0
1541,28,Male,138248,11,3.0,65,0.2,0
1542,57,Male,101938,92,2.8,73,0.08,1
1543,28,Female,106741,54,4.8,131,0.79,0
1544,53,Male,141028,87,7.7,115,0.84,0
1545,66,Male,142746,45,2.5,137,0.16,1
1546,56,Female,46049,23,7.2,106,0.85,1
1547,57,Female,97789,28,0.7,179,0.69,0
1548,52,Female,104526,57,4.5,16,0.52,1
1549,51,Male,27846,26,7.9,78,0.83,0
1550,64,Female,110563,25,3.7,125,0.42,1
1551,41,Female,124736,54,5.9,131,0.19,0
1552,39,Male,66220,29,2.4,152,0.28,0
1553,22,Female,66163,83,7.5,141,0.51,1
1554,50,Male,23765,97,1.0,130,0.53,0
1555,53,Male,137126,36,8.6,199,0.81,1
1556,64,Female,101486,14,2.4,112,0.79,0
1557,37,Female,65270,78,8.8,127,0.58,1
1558,36,Female,95277,35,3.8,21,0.78,1
1559,52,Female,108278,30,7.4,147,0.19,0
1560,69,Female,146354,92,3.5,89,0.05,1
1561,60,Female,110239,17,9.1,47,0.87,0
1562,34,Male,124245,67,1.7,150,0.08,1
1563,62,Male,142332,80,2.2,161,0.25,0
1564,60,Female,123159,30,5.2,160,0.7,1
1565,51,Male,42931,93,1.3,192,0.41,0
1566,26,Female,109116,45,2.4,85,0.88,0
1567,43,Male,140599,79,9.5,167,0.3,0
1568,19,Male,75633,89,9.8,128,0.01,0
1569,26,Male,100702,51,4.1,72,0.3,1
1570,26,Female,71913,47,9.3,42,0.58,0
1571,57,Male,139144,53,5.7,9,0.38,0
1572,34,Female,114776,64,3.1,25,0.53,0
1573,18,Male,45991,38,7.2,2,0.88,0
1574,42,Male,141049,64,6.8,19,0.91,0
1575,60,Male,74845,87,9.9,20,0.27,1
1576,57,Male,124092,89,3.0,70,0.46,1
1577,59,Male,118505,7,6.9,17,0.55,0
1578,42,Female,75312,22,1.0,124,0.95,0
1579,56,Female,30561,81,1.6,89,1.0,0
1580,52,Male,36901,82,0.5,196,0.24,0
1581,20,Male,126041,41,10.0,94,0.73,0
1582,67,Male,115556,74,8.1,84,0.38,1
1583,54,Male,82875,10,8.0,131,0.01,0
1584,61,Female,45917,57,5.3,87,0.01,1
1585,61,Male,82120,7,3.4,51,0.46,0
1586,68,Female,21988,50,1.9,82,0.49,0
1587,47,Male,133745,91,3.2,154,0.02,0
1588,55,Female,130041,52,4.1,184,0.69,0
1589,51,Male,148467,33,7.7,192,0.29,0
1590,29,Male,147400,1,5.6,8,0.56,1
1591,36,Female,34256,53,1.2,165,0.3,0
1592,54,Male,138490,60,0.7,121,0.17,1
1593,61,Male,107728,34,1.5,155,0.41,0
1594,66,Male,146155,4,4.4,173,0.23,0
1595,34,Female,48230,17,9.4,4,0.53,0
1596,27,Male,125466,4,6.6,86,0.2,0
1597,66,Male,79778,43,8.1,128,0.51,0
1598,64,Female,65833,90,4.9,110,0.16,0
1599,29,Female,42625,4,3.9,99,0.67,0
1600,33,Female,52088,1,1.5,37,0.75,0
1601,41,Male,99650,71,8.8,71,0.11,0
1602,36,Male,61167,94,7.9,33,0.47,0
1603,25,Male,123937,50,2.1,31,0.07,0
1604,48,Female,91291,73,5.4,183,0.6,1
1605,38,Male,85303,61,5.1,125,0.26,0
1606,34,Male,96361,35,6.4,12,0.53,1
1607,40,Female,108229,8,9.5,11,0.52,0
1608,54,Female,24117,24,6.0,88,0.92,1
1609,33,Female,110265,83,5.6,72,0.55,0
1610,23,Female,148938,36,1.0,32,0.58,1
1611,25,Female,117718,50,1.1,57,0.4,0
1612,42,Male,80710,43,2.3,166,0.95,1
1613,35,Female,114426,27,0.8,188,0.78,0
1614,42,Male,114876,32,7.6,86,0.29,0
1615,29,Male,87054,78,7.4,19,0.84,0
1616,32,Female,50949,18,1.8,116,0.43,0
1617,43,Female,42547,28,8.4,184,0.83,0
1618,58,Female,101882,29,2.0,14,0.82,0
1619,62,Male,88136,16,3.4,33,0.19,0
1620,43,Female,131541,99,2.9,10,0.7,1
1621,64,Female,136883,47,4.0,80,0.29,0
1622,49,Female,84619,59,2.9,192,0.3,1
1623,27,Female,81842,31,5.1,64,0.3,0
1624,33,Female,114803,4,4.4,190,0.73,0
1625,24,Male,121858,37,9.9,68,0.23,1
1626,34,Male,46990,17,1.0,92,0.0,1
1627,40,Male,36193,39,1.9,125,0.72,1
1628,43,Female,50109,48,1.0,171,0.17,0
1629,38,Female,39233,46,6.4,80,0.1,0
1630,39,Female,133557,90,1.0,59,0.24,0
1631,24,Male,101730,48,8.4,180,0.38,0
1632,31,Female,148133,39,5.4,97,0.48,0
1633,32,Female,54510,4,5.5,19,0.04,1
1634,24,Female,21306,30,5.8,149,0.97,1
1635,26,Male,23849,30,2.1,22,0.72,0
1636,68,Female,32360,22,2.4,9,0.32,0
1637,65,Male,131072,75,3.5,9,0.32,1
1638,25,Female,142207,66,6.1,27,0.45,0
1639,67,Male,114767,12,2.5,17,0.63,0
1640,40,Male,65800,94,1.6,172,0.15,0
1641,46,Male,148442,36,9.7,45,0.19,0
1642,35,Female,56963,18,0.7,8,0.86,1
1643,48,Female,74330,90,8.1,146,0.26,0
1644,47,Male,71707,53,8.0,125,0.38,0
1645,69,Male,38689,71,3.3,123,0.87,0
1646,56,Female,49084,1,1.8,33,0.66,1
1647,52,Female,60387,58,1.9,1,0.34,1
1648,35,Male,94816,90,7.1,6,0.68,0
1649,59,Female,22642,87,6.6,41,0.02,0
1650,56,Female,62137,90,7.9,183,0.74,0
1651,34,Female,99832,6,9.4,5,0.49,0
1652,31,Female,75561,70,7.1,187,0.81,0
1653,48,Male,82260,44,2.0,80,0.95,0
1654,41,Female,35438,72,2.8,18,0.93,0
1655,52,Female,68442,24,8.5,177,0.91,0
1656,61,Male,123061,86,2.5,82,0.51,0
1657,62,Male,22994,19,1.2,65,0.36,1
1658,51,Female,143439,18,7.2,83,0.47,0
1659,20,Female,145844,95,4.3,182,0.69,0
1660,54,Female,133530,30,9.2,189,0.88,1
1661,60,Female,119575,42,6.7,136,0.21,0
1662,57,Male,21813,33,1.4,131,0.92,1
1663,43,Male,113027,74,9.5,25,0.82,0
1664,40,Male,143489,12,3.0,69,0.98,0
1665,61,Female,104381,94,3.7,183,0.88,1
1666,56,Female,138808,27,4.3,168,0.28,0
1667,32,Female,75276,39,1.0,82,0.11,1
1668,66,Female,61243,9,5.2,178,0.11,0
1669,21,Male,82912,21,1.7,117,0.29,0
1670,46,Male,80272,76,4.3,95,0.61,0
1671,39,Female,122700,29,3.8,33,0.8,0
1672,42,Male,62051,33,7.8,111,0.9,0
1673,30,Female,98854,62,8.1,146,0.62,0
1674,35,Female,102736,15,2.0,125,0.01,0
1675,50,Male,141992,2,4.0,185,0.19,0
1676,33,Female,142019,52,4.0,16,0.1,1
1677,62,Female,85618,44,1.9,80,0.36,0
1678,59,Male,21920,54,8.1,38,0.5,1
1679,61,Female,126121,18,7.2,169,0.04,0
1680,19,Female,97219,3,2.3,135,0.35,0
1681,52,Male,96872,7,4.0,78,0.18,1
1682,59,Female,101132,43,1.5,181,0.65,0
1683,51,Male,22093,82,6.5,63,0.46,0
1684,47,Female,32905,38,1.7,112,0.5,0
1685,30,Male,141759,37,9.9,89,0.43,0
1686,30,Male,44351,58,7.9,160,0.96,0
1687,35,Male,50981,33,4.2,38,0.21,1
1688,49,Female,93903,59,6.0,150,0.52,0
1689,49,Male,90821,95,9.2,144,0.74,1
1690,52,Male,129200,11,5.8,52,0.56,0
1691,56,Male,123241,68,2.2,29,0.93,0
1692,63,Male,102289,82,4.1,144,0.38,0
1693,69,Male,136506,68,8.5,76,0.46,1
1694,46,Female,104021,98,6.6,145,0.09,1
1695,66,Female,98513,93,6.7,64,0.61,0
1696,46,Female,39874,88,8.7,91,0.29,0
1697,61,Female,70931,22,9.0,89,0.16,0
1698,33,Female,27674,66,9.2,13,0.54,0
1699,61,Female,70516,44,1.4,72,0.53,0
1700,64,Female,141982,6,5.7,184,0.08,1
1701,27,Male,148408,42,7.5,5,0.7,0
1702,47,Female,114574,25,7.7,12,0.62,1
1703,42,Male,80686,57,6.3,169,0.19,0
1704,56,Male,114851,85,2.1,3,0.47,0
1705,37,Female,89212,55,8.1,33,0.72,0
1706,22,Male,22426,16,7.3,121,0.53,1
1707,18,Male,142952,95,1.3,50,0.4,1
1708,47,Male,110009,14,4.9,184,0.32,0
1709,66,Male,88498,39,2.2,137,0.61,0
1710,20,Female,49943,28,3.7,178,0.94,0
1711,62,Female,86395,96,0.7,29,0.67,0
1712,31,Female,64816,92,4.3,39,0.07,0
1713,47,Female,24138,51,5.7,91,0.46,1
1714,67,Female,120728,49,6.4,100,0.89,0
1715,21,Female,111176,9,6.8,173,0.09,1
1716,35,Female,95945,58,8.4,17,0.99,0
1717,54,Female,24017,45,2.5,56,0.95,0
1718,42,Female,30451,22,1.6,46,0.08,1
1719,65,Female,82956,32,8.6,67,0.93,0
1720,18,Male,113863,69,2.0,197,0.36,1
1721,63,Female,30278,87,9.8,142,0.84,0
1722,32,Male,110480,69,8.5,67,0.42,0
1723,26,Male,63764,42,5.3,23,0.44,1
1724,32,Male,143030,53,9.8,94,0.63,1
1725,66,Male,21134,96,1.4,189,0.77,0
1726,41,Female,82943,59,3.4,151,0.03,0
1727,21,Male,115667,74,6.6,155,0.59,1
1728,29,Female,74318,39,3.8,54,0.19,1
1729,54,Female,123423,15,9.3,138,0.35,0
1730,54,Male,123998,71,1.1,77,0.35,1
1731,60,Female,80128,29,5.7,16,0.47,0
1732,23,Male,108056,3,6.1,41,0.33,0
1733,56,Male,41869,83,6.7,98,0.11,0
1734,63,Female,122468,10,2.9,183,0.15,0
1735,41,Female,137034,92,4.0,128,0.03,1
1736,28,Male,25039,29,8.5,61,0.47,0
1737,30,Female,41281,79,2.4,86,0.95,1
1738,51,Female,132935,35,8.4,118,0.12,0
1739,42,Female,30442,6,5.8,100,0.95,1
1740,24,Male,93788,12,7.7,49,0.73,1
1741,69,Male,139729,38,7.3,180,0.64,0
1742,21,Female,47586,77,2.5,2,0.65,0
1743,25,Female,73053,93,5.9,120,0.83,0
1744,37,Female,70489,19,8.7,178,0.11,1
1745,46,Female,103104,67,4.6,123,0.5,1
1746,68,Female,106346,8,9.7,86,0.7,0
1747,62,Male,87087,8,4.8,171,0.59,1
1748,63,Female,32625,84,1.9,77,0.83,0
1749,27,Male,54397,47,4.2,136,0.07,0
1750,60,Female,78671,4,9.5,59,0.69,1
1751,51,Male,136214,51,3.5,193,0.53,0
1752,43,Female,111785,85,8.7,12,0.38,1
1753,58,Male,86897,67,8.9,4,0.34,0
1754,66,Female,46149,45,3.8,117,0.62,0
1755,20,Male,80030,8,1.3,95,0.89,0
1756,23,Male,89906,87,7.4,125,0.5,0
1757,22,Male,25283,16,3.5,41,0.82,1
1758,22,Male,27610,77,7.9,123,0.4,0
1759,64,Male,63326,67,4.7,7,0.1,0
1760,40,Male,34924,9,5.1,69,0.06,0
1761,66,Female,133143,60,7.9,69,0.05,0
1762,26,Male,130253,78,4.1,81,0.38,1
1763,52,Female,96162,77,4.7,30,0.34,0
1764,37,Female,120297,71,4.1,73,0.72,0
1765,66,Female,20869,15,4.0,6,0.74,1
1766,59,Female,117088,71,5.5,89,0.05,0
1767,52,Female,21014,98,8.2,147,0.22,1
1768,67,Male,30103,41,3.9,66,0.27,0
1769,35,Male,102522,22,5.5,10,0.55,0
1770,34,Male,130317,24,6.9,144,0.14,1
1771,41,Female,116007,44,3.1,37,0.13,1
1772,20,Male,53458,1,3.1,77,0.94,0
1773,49,Male,110605,10,9.4,77,0.8,0
1774,52,Male,102409,80,7.4,32,0.18,0
1775,55,Male,43248,72,6.0,47,0.41,0
1776,30,Male,109160,56,6.7,110,0.36,1
1777,64,Female,63516,89,0.8,171,0.79,0
1778,42,Male,49061,50,6.4,120,0.51,0
1779,26,Female,44170,12,5.3,164,0.13,1
1780,21,Female,28024,89,5.7,154,0.74,0
1781,31,Female,102214,81,3.9,10,0.4,0
1782,54,Female,123792,60,1.3,159,0.26,1
1783,51,Female,105947,26,2.3,97,0.38,1
1784,28,Male,63803,78,9.5,157,0.5,0
1785,58,Male,39296,41,4.4,5,0.34,0
1786,20,Male,111829,36,4.9,77,0.24,0
1787,45,Female,112708,23,1.0,1,0.4,0
1788,46,Male,106664,43,0.9,131,0.02,0
1789,26,Male,38257,6,7.3,67,0.77,1
1790,20,Female,32855,69,5.6,199,0.17,1
1791,42,Female,105178,43,5.3,163,0.04,1
1792,51,Female,149876,25,2.8,15,0.65,0
1793,29,Female,121121,18,7.6,195,0.77,1
1794,59,Male,143324,62,2.1,93,0.81,0
1795,26,Female,40025,13,2.3,30,0.49,0
1796,32,Female,24458,43,4.9,103,0.21,0
1797,57,Male,83610,78,3.2,82,0.74,0
1798,42,Male,90843,28,2.9,75,0.7,1
1799,22,Female,127237,18,6.6,171,0.25,0
1800,28,Male,103961,59,6.7,60,0.9,0
1801,51,Female,69831,60,8.3,40,0.1,1
1802,41,Female,63427,63,4.5,193,0.98,0
1803,32,Male,113809,57,1.2,157,0.86,1
1804,55,Male,58506,92,3.1,74,0.69,0
1805,25,Female,25668,51,9.8,121,0.94,0
1806,22,Female,111470,56,6.2,147,0.72,1
1807,65,Female,67195,27,7.2,3,0.19,0
1808,43,Male,93233,32,0.6,36,0.44,0
1809,35,Female,44417,9,5.4,43,0.07,0
1810,23,Female,101982,96,0.9,143,0.39,0
1811,54,Female,126133,84,5.9,169,0.74,0
1812,65,Female,30751,92,9.2,115,0.39,0
1813,30,Female,66218,97,9.7,109,0.33,0
1814,45,Male,146649,68,5.6,90,0.6,1
1815,22,Female,27352,46,4.9,164,0.87,0
1816,30,Female,99052,98,9.5,84,0.05,0
1817,34,Female,108835,67,6.9,77,0.39,0
1818,67,Female,117493,26,1.1,161,0.16,1
1819,57,Male,48927,8,4.9,5,0.7,1
1820,62,Male,61094,6,2.8,78,0.11,1
1821,49,Male,121948,80,5.0,91,0.66,1
1822,46,Female,74122,24,4.8,87,0.29,0
1823,68,Female,49493,48,6.0,14,0.2,0
1824,20,Male,112247,94,3.9,104,0.94,0
1825,57,Male,93539,45,2.1,196,0.02,0
1826,51,Male,51707,13,5.3,83,0.44,0
1827,57,Female,88814,69,8.4,175,0.02,0
1828,44,Female,27296,25,6.8,54,0.48,1
1829,30,Male,45398,20,3.7,132,0.5,1
1830,62,Male,55842,82,9.4,95,0.32,0
1831,50,Male,33261,82,9.2,9,0.13,1
1832,23,Female,96709,66,2.5,53,0.38,0
1833,41,Female,115985,74,0.9,77,0.67,0
1834,36,Female,126616,45,7.5,60,0.78,0
1835,33,Male,76704,47,8.4,46,0.53,0
1836,57,Male,87173,63,9.7,54,0.59,0
1837,45,Female,51781,76,9.0,74,0.2,1
1838,50,Male,33652,77,6.2,112,0.29,0
1839,65,Female,25103,55,5.5,95,0.16,0
1840,58,Male,45500,75,0.8,165,0.25,0
1841,30,Male,135332,19,2.8,23,0.22,0
1842,60,Male,120336,35,4.9,27,0.52,1
1843,62,Male,55529,53,6.5,70,0.56,0
1844,42,Female,133499,26,5.8,194,0.94,1
1845,59,Male,38452,14,7.6,109,0.2,1
1846,53,Female,69393,45,3.2,189,0.64,0
1847,44,Female,51174,44,5.9,77,0.82,0
1848,55,Female,84450,88,1.3,179,0.56,1
1849,24,Male,55436,65,4.4,50,0.26,1
1850,22,Female,67406,51,7.6,124,0.26,0
1851,60,Female,83059,43,7.1,19,0.04,1
1852,62,Female,35954,86,9.9,1,0.31,1
1853,68,Male,102722,23,3.1,40,0.74,0
1854,48,Male,139747,56,5.2,160,0.05,0
1855,40,Female,32356,19,3.6,22,0.22,1
1856,59,Male,148128,82,4.7,112,0.71,0
1857,27,Female,118499,76,8.6,194,0.78,0
1858,49,Female,22187,55,7.0,40,0.46,0
1859,60,Male,97243,92,8.9,38,0.7,0
1860,47,Female,55098,92,2.4,48,0.39,0
1861,56,Male,112471,60,8.8,183,0.16,1
1862,48,Male,41225,59,1.1,75,0.4,0
1863,35,Female,23606,33,8.9,183,0.58,0
1864,53,Male,148664,19,3.6,179,0.95,0
1865,19,Male,77620,28,3.5,107,0.07,0
1866,31,Female,52828,52,5.4,188,0.51,0
1867,30,Female,146270,49,9.4,8,0.33,0
1868,46,Male,46489,37,1.0,86,0.51,0
1869,29,Male,34387,26,3.8,68,0.02,0
1870,56,Female,89463,99,8.6,75,0.31,0
1871,19,Male,91832,98,4.3,137,0.82,0
1872,49,Male,115980,99,2.4,90,0.55,1
1873,30,Male,131926,40,4.5,130,0.45,0
1874,63,Male,132429,80,4.2,80,0.29,0
1875,44,Male,22591,38,9.2,95,0.3,1
1876,66,Male,143446,77,7.7,70,0.38,0
1877,58,Male,130431,87,5.3,90,0.84,0
1878,34,Female,68516,54,9.9,59,0.97,0
1879,57,Female,111683,22,4.9,147,0.44,0
1880,48,Female,82061,16,1.1,28,0.39,1
1881,51,Female,124425,28,3.0,72,0.85,1
1882,41,Female,86736,35,4.6,14,0.43,0
1883,62,Male,101257,60,2.0,24,0.55,0
1884,52,Male,81753,45,9.5,112,0.23,0
1885,65,Male,104774,46,7.8,44,0.74,1
1886,23,Male,31087,72,3.0,56,0.53,1
1887,36,Female,50816,55,6.1,120,0.81,0
1888,47,Male,43408,86,7.4,179,0.78,0
1889,24,Male,144116,85,9.4,32,0.22,0
1890,27,Female,125276,26,8.9,178,0.72,0
1891,58,Male,20136,85,5.4,169,0.8,0
1892,49,Male,37413,25,7.9,194,0.35,0
1893,51,Female,133650,65,5.8,25,0.17,0
1894,45,Male,79500,6,5.8,116,0.0,1
1895,32,Male,104514,23,1.6,189,0.45,1
1896,47,Male,76358,64,1.7,66,0.35,0
1897,54,Male,86197,87,5.5,42,0.55,0
1898,46,Male,120776,43,3.1,193,0.19,1
1899,39,Female,112789,23,0.7,164,0.86,0
1900,21,Female,112420,96,7.4,76,0.26,0
1901,37,Female,52854,30,0.8,137,0.23,0
1902,49,Female,96240,77,6.2,164,0.48,0
1903,53,Female,124523,18,5.6,38,0.5,0
1904,67,Female,149494,87,9.7,161,0.22,0
1905,21,Male,110063,79,5.1,170,0.27,0
1906,44,Female,36322,97,1.1,61,0.17,0
1907,34,Female,133053,21,5.7,174,0.72,0
1908,29,Male,26968,57,8.5,89,0.77,0
1909,39,Male,47518,23,10.0,189,0.46,1
1910,34,Female,71925,91,4.6,18,0.71,0
1911,27,Male,79848,45,3.5,70,0.74,0
1912,18,Female,131900,44,9.1,82,0.14,0
1913,39,Male,113422,82,2.3,116,0.97,0
1914,43,Female,21700,88,6.3,80,0.82,0
1915,35,Male,113782,47,4.4,15,0.2,1
1916,67,Male,121004,40,0.9,176,0.19,0
1917,31,Female,43199,51,3.8,13,0.13,0
1918,64,Female,64589,42,3.0,119,0.14,1
1919,46,Female,52115,7,7.0,43,0.75,0
1920,29,Female,81934,50,9.5,188,0.47,0
1921,53,Female,136335,48,3.0,57,0.78,0
1922,52,Male,140726,84,8.2,199,0.75,0
1923,69,Female,74316,91,1.0,17,0.6,1
1924,29,Female,25520,6,5.6,178,0.69,0
1925,24,Male,129814,91,1.2,32,0.02,0
1926,46,Male,56455,9,9.4,150,0.31,1
1927,28,Female,135284,57,7.8,55,0.64,0
1928,50,Male,106465,31,6.8,185,0.01,0
1929,23,Male,143364,21,8.3,13,0.03,0
1930,64,Female,61605,90,6.7,47,0.85,0
1931,32,Male,34955,40,9.7,87,0.68,1
1932,49,Male,64049,45,7.3,62,0.27,1
1933,68,Female,33917,77,9.3,182,0.69,0
1934,28,Female,90293,49,5.4,29,0.79,0
1935,40,Male,98581,87,1.6,22,0.31,0
1936,43,Male,139072,20,5.5,65,0.04,0
1937,51,Female,84925,92,1.7,29,0.93,0
1938,63,Male,127216,17,6.1,48,0.35,0
1939,51,Male,90269,28,5.1,5,0.11,1
1940,46,Male,50954,41,6.4,163,0.49,1
1941,21,Female,116671,66,0.6,101,0.77,0
1942,34,Male,92617,25,2.4,71,0.22,0
1943,52,Male,61458,58,5.2,174,0.27,0
1944,30,Female,109037,41,9.5,163,0.24,1
1945,58,Male,41113,6,4.1,173,0.99,1
1946,56,Male,119977,75,4.5,141,0.2,1
1947,32,Female,132622,38,7.3,138,0.58,0
1948,46,Female,145947,6,6.2,66,0.93,0
1949,46,Female,110226,45,3.3,198,0.15,0
1950,28,Female,63939,75,4.4,72,0.97,0
1951,69,Male,49345,14,2.6,25,0.95,0
1952,49,Male,144616,66,9.7,172,0.88,0
1953,19,Female,66313,40,1.7,60,0.21,0
1954,64,Female,130107,3,4.0,175,0.63,0
1955,31,Male,141866,99,0.7,40,0.76,0
1956,37,Female,112365,97,2.6,7,0.99,0
1957,39,Male,120598,24,7.9,174,0.18,0
1958,28,Female,89166,19,2.4,151,0.77,0
1959,44,Male,67861,18,1.3,46,0.34,0
1960,20,Female,117406,64,5.0,86,0.18,0
1961,34,Female,69298,88,0.6,141,0.42,0
1962,61,Male,67221,35,1.3,21,0.79,1
1963,45,Female,64942,62,8.2,1,0.46,0
1964,46,Male,23453,1,7.8,123,0.54,0
1965,38,Male,122811,25,9.2,147,1.0,0
1966,64,Male,74935,45,8.6,125,0.4,1
1967,33,Male,142439,49,7.0,188,0.62,0
1968,54,Male,63370,98,1.0,33,0.37,0
1969,37,Female,123932,89,7.9,4,0.39,0
1970,23,Female,28328,16,8.5,3,0.7,1
1971,36,Male,35534,98,8.1,91,0.94,1
1972,22,Female,105280,93,5.3,52,0.54,0
1973,20,Male,104925,19,2.7,28,0.77,1
1974,18,Female,56320,23,8.5,70,0.09,1
1975,55,Female,69170,83,7.4,198,0.21,0
1976,32,Female,120546,25,9.8,183,0.5,0
1977,51,Female,100201,16,2.0,57,0.02,0
1978,52,Male,148935,54,2.6,108,0.25,1
1979,66,Male,141006,73,2.5,144,0.52,0
1980,42,Female,123401,1,8.0,24,0.01,1
1981,41,Female,28640,42,2.3,197,0.26,0
1982,29,Male,120252,19,1.1,169,0.51,0
1983,35,Female,111057,97,10.0,77,0.57,1
1984,32,Male,50049,34,0.7,175,0.93,0
1985,61,Male,25618,80,8.4,76,0.65,0
1986,33,Male,122540,55,4.0,69,0.41,0
1987,44,Female,76053,18,8.5,101,0.93,0
1988,25,Male,21920,34,5.8,159,0.78,0
1989,63,Female,63937,89,9.1,92,0.2,0
1990,42,Male,89724,45,9.3,92,0.13,0
1991,34,Female,32207,6,0.6,30,0.68,1
1992,46,Female,85774,21,1.2,18,0.56,1
1993,25,Female,52972,70,2.9,44,0.79,0
1994,32,Male,30799,96,6.9,155,0.74,1
1995,44,Male,91088,48,8.9,99,0.63,0
1996,63,Female,48916,39,4.9,154,0.99,0
1997,67,Female,90463,31,6.3,121,0.53,0
1998,69,Female,113500,10,2.3,115,0.11,1
1999,24,Male,96700,30,8.1,60,0.83,1
2000,20,Male,57158,18,9.7,146,0.25,0
